"rank","Kingdom","Phylum","Class","Order","Family","Genus","Species","tax_id"
"Species","k__Bacteria","p__Verrucomicrobia","c__Verrucomicrobiae","o__Verrucomicrobiales","f__Verrucomicrobiaceae","g__Akkermansia","s__muciniphila","Akkermansia muciniphila"
"Species","k__Bacteria","p__Bacteroidetes","c__Bacteroidia","o__Bacteroidales","f__[Paraprevotellaceae]","g__[Prevotella]","s__tannerae","[Prevotella] tannerae"
"Species","k__Bacteria","p__Bacteroidetes","c__Bacteroidia","o__Bacteroidales","f__Prevotellaceae","g__Prevotella","s__stercorea","Prevotella stercorea"
"Species","k__Bacteria","p__Bacteroidetes","c__Bacteroidia","o__Bacteroidales","f__Prevotellaceae","g__Prevotella","s__nanceiensis","Prevotella nanceiensis"
"Species","k__Bacteria","p__Bacteroidetes","c__Bacteroidia","o__Bacteroidales","f__Prevotellaceae","g__Prevotella","s__pallens","Prevotella pallens"
"Species","k__Bacteria","p__Bacteroidetes","c__Bacteroidia","o__Bacteroidales","f__Prevotellaceae","g__Prevotella","s__nigrescens","Prevotella nigrescens"
"Species","k__Bacteria","p__Bacteroidetes","c__Bacteroidia","o__Bacteroidales","f__Prevotellaceae","g__Prevotella","s__melaninogenica","Prevotella melaninogenica"
"Species","k__Bacteria","p__Bacteroidetes","c__Bacteroidia","o__Bacteroidales","f__Prevotellaceae","g__Prevotella","s__copri","Prevotella copri"
"Species","k__Bacteria","p__Bacteroidetes","c__Bacteroidia","o__Bacteroidales","f__Porphyromonadaceae","g__Parabacteroides","s__distasonis","Parabacteroides distasonis"
"Species","k__Bacteria","p__Bacteroidetes","c__Bacteroidia","o__Bacteroidales","f__Porphyromonadaceae","g__Parabacteroides","s__gordonii","Parabacteroides gordonii"
"Species","k__Bacteria","p__Bacteroidetes","c__Bacteroidia","o__Bacteroidales","f__[Barnesiellaceae]","g__Barnesiella","s__intestinihominis","Barnesiella intestinihominis"
"Species","k__Bacteria","p__Bacteroidetes","c__Cytophagia","o__Cytophagales","f__Cyclobacteriaceae","g__Algoriphagus","s__aquaeductus","Algoriphagus aquaeductus"
"Species","k__Bacteria","p__Bacteroidetes","c__Sphingobacteriia","o__Sphingobacteriales","f__Sphingobacteriaceae","g__Sphingobacterium","s__faecium","Sphingobacterium faecium"
"Species","k__Bacteria","p__Bacteroidetes","c__Sphingobacteriia","o__Sphingobacteriales","f__Sphingobacteriaceae","g__Sphingobacterium","s__multivorum","Sphingobacterium multivorum"
"Species","k__Bacteria","p__Bacteroidetes","c__Sphingobacteriia","o__Sphingobacteriales","f__Sphingobacteriaceae","g__Sphingobacterium","s__mizutaii","Sphingobacterium mizutaii"
"Species","k__Bacteria","p__Bacteroidetes","c__Flavobacteriia","o__Flavobacteriales","f__[Weeksellaceae]","g__Weeksella","s__virosa","Weeksella virosa"
"Species","k__Bacteria","p__Bacteroidetes","c__Flavobacteriia","o__Flavobacteriales","f__Flavobacteriaceae","g__Capnocytophaga","s__ochracea","Capnocytophaga ochracea"
"Species","k__Bacteria","p__Bacteroidetes","c__Flavobacteriia","o__Flavobacteriales","f__Flavobacteriaceae","g__Flavobacterium","s__gelidilacus","Flavobacterium gelidilacus"
"Species","k__Bacteria","p__Bacteroidetes","c__Flavobacteriia","o__Flavobacteriales","f__[Weeksellaceae]","g__Elizabethkingia","s__meningoseptica","Elizabethkingia meningoseptica"
"Species","k__Bacteria","p__Bacteroidetes","c__Bacteroidia","o__Bacteroidales","f__Rikenellaceae","g__Alistipes","s__putredinis","Alistipes putredinis"
"Species","k__Bacteria","p__Bacteroidetes","c__Bacteroidia","o__Bacteroidales","f__Rikenellaceae","g__Alistipes","s__onderdonkii","Alistipes onderdonkii"
"Species","k__Bacteria","p__Bacteroidetes","c__Bacteroidia","o__Bacteroidales","f__Rikenellaceae","g__Alistipes","s__massiliensis","Alistipes massiliensis"
"Species","k__Bacteria","p__Bacteroidetes","c__Bacteroidia","o__Bacteroidales","f__Rikenellaceae","g__human","s__gut metagenome","human gut metagenome"
"Species","k__Bacteria","p__Bacteroidetes","c__Bacteroidia","o__Bacteroidales","f__Rikenellaceae","g__Alistipes","s__finegoldii","Alistipes finegoldii"
"Species","k__Bacteria","p__Bacteroidetes","c__Bacteroidia","o__Bacteroidales","f__Rikenellaceae","g__Alistipes","s__indistinctus","Alistipes indistinctus"
"Species","k__Bacteria","p__Bacteroidetes","c__Bacteroidia","o__Bacteroidales","f__Bacteroidaceae","g__Bacteroides","s__coprophilus","Bacteroides coprophilus"
"Species","k__Bacteria","p__Bacteroidetes","c__Bacteroidia","o__Bacteroidales","f__Bacteroidaceae","g__Bacteroides","s__eggerthii","Bacteroides eggerthii"
"Species","k__Bacteria","p__Bacteroidetes","c__Bacteroidia","o__Bacteroidales","f__Bacteroidaceae","g__Bacteroides","s__acidifaciens","Bacteroides acidifaciens"
"Species","k__Bacteria","p__Bacteroidetes","c__Bacteroidia","o__Bacteroidales","f__Bacteroidaceae","g__Bacteroides","s__ovatus","Bacteroides ovatus"
"Species","k__Bacteria","p__Bacteroidetes","c__Bacteroidia","o__Bacteroidales","f__Bacteroidaceae","g__Bacteroides","s__fragilis","Bacteroides fragilis"
"Species","k__Bacteria","p__Bacteroidetes","c__Bacteroidia","o__Bacteroidales","f__Bacteroidaceae","g__Bacteroides","s__caccae","Bacteroides caccae"
"Species","k__Bacteria","p__Bacteroidetes","c__Bacteroidia","o__Bacteroidales","f__Bacteroidaceae","g__Bacteroides","s__uniformis","Bacteroides uniformis"
"Species","k__Bacteria","p__Bacteroidetes","c__Bacteroidia","o__Bacteroidales","f__Bacteroidaceae","g__Bacteroides","s__plebeius","Bacteroides plebeius"
"Species","k__Bacteria","p__Proteobacteria","c__Gammaproteobacteria","o__Thiotrichales","f__Thiotrichaceae","g__Thiothrix","s__eikelboomii","Thiothrix eikelboomii"
"Species","k__Bacteria","p__Proteobacteria","c__Deltaproteobacteria","o__Desulfovibrionales","f__Desulfovibrionaceae","g__Desulfovibrio","s__D168","Desulfovibrio D168"
"Species","k__Bacteria","p__Proteobacteria","c__Alphaproteobacteria","o__Rhodobacterales","f__Rhodobacteraceae","g__Paracoccus","s__marcusii","Paracoccus marcusii"
"Species","k__Bacteria","p__Proteobacteria","c__Alphaproteobacteria","o__Sphingomonadales","f__Sphingomonadaceae","g__Sphingobium","s__yanoikuyae","Sphingobium yanoikuyae"
"Species","k__Bacteria","p__Proteobacteria","c__Alphaproteobacteria","o__Sphingomonadales","f__Sphingomonadaceae","g__Sphingopyxis","s__alaskensis","Sphingopyxis alaskensis"
"Species","k__Bacteria","p__Proteobacteria","c__Alphaproteobacteria","o__Sphingomonadales","f__Sphingomonadaceae","g__Novosphingobium","s__resinovorum","Novosphingobium resinovorum"
"Species","k__Bacteria","p__Proteobacteria","c__Alphaproteobacteria","o__Sphingomonadales","f__Sphingomonadaceae","g__Sphingomonas","s__wittichii","Sphingomonas wittichii"
"Species","k__Bacteria","p__Proteobacteria","c__Alphaproteobacteria","o__Sphingomonadales","f__Sphingomonadaceae","g__Sphingomonas","s__azotifigens","Sphingomonas azotifigens"
"Species","k__Bacteria","p__Proteobacteria","c__Alphaproteobacteria","o__Sphingomonadales","f__Sphingomonadaceae","g__Sphingobium","s__xenophagum","Sphingobium xenophagum"
"Species","k__Bacteria","p__Proteobacteria","c__Alphaproteobacteria","o__Rhodospirillales","f__Rhodospirillaceae","g__Reyranella","s__massiliensis","Reyranella massiliensis"
"Species","k__Bacteria","p__Proteobacteria","c__Alphaproteobacteria","o__Caulobacterales","f__Caulobacteraceae","g__Caulobacter","s__henricii","Caulobacter henricii"
"Species","k__Bacteria","p__Proteobacteria","c__Alphaproteobacteria","o__Caulobacterales","f__Caulobacteraceae","g__Brevundimonas","s__diminuta","Brevundimonas diminuta"
"Species","k__Bacteria","p__Proteobacteria","c__Alphaproteobacteria","o__Caulobacterales","f__Caulobacteraceae","g__Brevundimonas","s__vesicularis","Brevundimonas vesicularis"
"Species","k__Bacteria","p__Proteobacteria","c__Alphaproteobacteria","o__Rhizobiales","f__Rhizobiaceae","g__Ensifer","s__adhaerens","Ensifer adhaerens"
"Species","k__Bacteria","p__Proteobacteria","c__Alphaproteobacteria","o__Rhizobiales","f__Rhizobiaceae","g__Shinella","s__granuli","Shinella granuli"
"Species","k__Bacteria","p__Proteobacteria","c__Gammaproteobacteria","o__Xanthomonadales","f__Xanthomonadaceae","g__Stenotrophomonas","s__acidaminiphila","Stenotrophomonas acidaminiphila"
"Species","k__Bacteria","p__Proteobacteria","c__Gammaproteobacteria","o__Xanthomonadales","f__Xanthomonadaceae","g__Pseudoxanthomonas","s__mexicana","Pseudoxanthomonas mexicana"
"Species","k__Bacteria","p__Proteobacteria","c__Gammaproteobacteria","o__Xanthomonadales","f__Xanthomonadaceae","g__Stenotrophomonas","s__geniculata","Stenotrophomonas geniculata"
"Species","k__Bacteria","p__Proteobacteria","c__Gammaproteobacteria","o__Xanthomonadales","f__Xanthomonadaceae","g__Stenotrophomonas","s__retroflexus","Stenotrophomonas retroflexus"
"Species","k__Bacteria","p__Proteobacteria","c__Gammaproteobacteria","o__Pseudomonadales","f__Pseudomonadaceae","g__Pseudomonas","s__veronii","Pseudomonas veronii"
"Species","k__Bacteria","p__Proteobacteria","c__Gammaproteobacteria","o__Pseudomonadales","f__Pseudomonadaceae","g__Pseudomonas","s__fragi","Pseudomonas fragi"
"Species","k__Bacteria","p__Proteobacteria","c__Gammaproteobacteria","o__Pseudomonadales","f__Pseudomonadaceae","g__Pseudomonas","s__alcaligenes","Pseudomonas alcaligenes"
"Species","k__Bacteria","p__Proteobacteria","c__Gammaproteobacteria","o__Pseudomonadales","f__Pseudomonadaceae","g__Pseudomonas","s__viridiflava","Pseudomonas viridiflava"
"Species","k__Bacteria","p__Proteobacteria","c__Betaproteobacteria","o__Neisseriales","f__Neisseriaceae","g__Neisseria","s__bacilliformis","Neisseria bacilliformis"
"Species","k__Bacteria","p__Proteobacteria","c__Betaproteobacteria","o__Neisseriales","f__Neisseriaceae","g__Neisseria","s__subflava","Neisseria subflava"
"Species","k__Bacteria","p__Proteobacteria","c__Betaproteobacteria","o__Burkholderiales","f__Alcaligenaceae","g__Bordetella","s__petrii","Bordetella petrii"
"Species","k__Bacteria","p__Proteobacteria","c__Betaproteobacteria","o__Burkholderiales","f__Oxalobacteraceae","g__Oxalobacter","s__formigenes","Oxalobacter formigenes"
"Species","k__Bacteria","p__Proteobacteria","c__Betaproteobacteria","o__Burkholderiales","f__Comamonadaceae","g__Comamonas","s__terrigena","Comamonas terrigena"
"Species","k__Bacteria","p__Proteobacteria","c__Betaproteobacteria","o__Burkholderiales","f__Comamonadaceae","g__Variovorax","s__paradoxus","Variovorax paradoxus"
"Species","k__Bacteria","p__Proteobacteria","c__Betaproteobacteria","o__Burkholderiales","f__Burkholderiaceae","g__Burkholderia","s__bryophila","Burkholderia bryophila"
"Species","k__Bacteria","p__Proteobacteria","c__Gammaproteobacteria","o__Enterobacteriales","f__Enterobacteriaceae","g__Serratia","s__marcescens","Serratia marcescens"
"Species","k__Bacteria","p__Proteobacteria","c__Gammaproteobacteria","o__Enterobacteriales","f__Enterobacteriaceae","g__Citrobacter","s__koseri","Citrobacter koseri"
"Species","k__Bacteria","p__Proteobacteria","c__Gammaproteobacteria","o__Enterobacteriales","f__Enterobacteriaceae","g__Cronobacter","s__sakazakii","Cronobacter sakazakii"
"Species","k__Bacteria","p__Proteobacteria","c__Gammaproteobacteria","o__Pasteurellales","f__Pasteurellaceae","g__Actinobacillus","s__parahaemolyticus","Actinobacillus parahaemolyticus"
"Species","k__Bacteria","p__Proteobacteria","c__Gammaproteobacteria","o__Pasteurellales","f__Pasteurellaceae","g__Haemophilus","s__parainfluenzae","Haemophilus parainfluenzae"
"Species","k__Bacteria","p__Proteobacteria","c__Gammaproteobacteria","o__Pasteurellales","f__Pasteurellaceae","g__Aggregatibacter","s__segnis","Aggregatibacter segnis"
"Species","k__Bacteria","p__Proteobacteria","c__Gammaproteobacteria","o__Pasteurellales","f__Pasteurellaceae","g__Haemophilus","s__influenzae","Haemophilus influenzae"
"Species","k__Bacteria","p__Proteobacteria","c__Gammaproteobacteria","o__Enterobacteriales","f__Enterobacteriaceae","g__Morganella","s__morganii","Morganella morganii"
"Species","k__Bacteria","p__Proteobacteria","c__Gammaproteobacteria","o__Pseudomonadales","f__Moraxellaceae","g__Acinetobacter","s__rhizosphaerae","Acinetobacter rhizosphaerae"
"Species","k__Bacteria","p__Proteobacteria","c__Gammaproteobacteria","o__Pseudomonadales","f__Moraxellaceae","g__Acinetobacter","s__lwoffii","Acinetobacter lwoffii"
"Species","k__Bacteria","p__Proteobacteria","c__Gammaproteobacteria","o__Pseudomonadales","f__Moraxellaceae","g__Acinetobacter","s__guillouiae","Acinetobacter guillouiae"
"Species","k__Bacteria","p__Proteobacteria","c__Gammaproteobacteria","o__Pseudomonadales","f__Moraxellaceae","g__Acinetobacter","s__schindleri","Acinetobacter schindleri"
"Species","k__Bacteria","p__Proteobacteria","c__Gammaproteobacteria","o__Pseudomonadales","f__Moraxellaceae","g__Acinetobacter","s__johnsonii","Acinetobacter johnsonii"
"Species","k__Bacteria","p__Proteobacteria","c__Deltaproteobacteria","o__Bdellovibrionales","f__Bacteriovoracaceae","g__Peredibacter","s__starrii","Peredibacter starrii"
"Species","k__Bacteria","p__Lentisphaerae","c__[Lentisphaeria]","o__Victivallales","f__Victivallaceae","g__Victivallis","s__vadensis","Victivallis vadensis"
"Species","k__Bacteria","p__Spirochaetes","c__Spirochaetes","o__Spirochaetales","f__Spirochaetaceae","g__Treponema","s__socranskii","Treponema socranskii"
"Species","k__Archaea","p__Euryarchaeota","c__Methanobacteria","o__Methanobacteriales","f__Methanobacteriaceae","g__Methanobrevibacter","s__arboriphilus","Methanobrevibacter arboriphilus"
"Species","k__Bacteria","p__Firmicutes","c__Erysipelotrichi","o__Erysipelotrichales","f__Erysipelotrichaceae","g__Bulleidia","s__p-1630-c5","Bulleidia p-1630-c5"
"Species","k__Bacteria","p__Firmicutes","c__Erysipelotrichi","o__Erysipelotrichales","f__Erysipelotrichaceae","g__[Eubacterium]","s__biforme","[Eubacterium] biforme"
"Species","k__Bacteria","p__Firmicutes","c__Erysipelotrichi","o__Erysipelotrichales","f__Erysipelotrichaceae","g__Anaerorhabdus","s__furcosa","Anaerorhabdus furcosa"
"Species","k__Bacteria","p__Firmicutes","c__Erysipelotrichi","o__Erysipelotrichales","f__Erysipelotrichaceae","g__[Eubacterium]","s__dolichum","[Eubacterium] dolichum"
"Species","k__Bacteria","p__Firmicutes","c__Erysipelotrichi","o__Erysipelotrichales","f__Erysipelotrichaceae","g__[Eubacterium]","s__cylindroides","[Eubacterium] cylindroides"
"Species","k__Bacteria","p__Firmicutes","c__Clostridia","o__Clostridiales","f__Clostridiaceae","g__Clostridium","s__hiranonis","Clostridium hiranonis"
"Species","k__Bacteria","p__Firmicutes","c__Clostridia","o__Clostridiales","f__Peptostreptococcaceae","g__Peptostreptococcus","s__anaerobius","Peptostreptococcus anaerobius"
"Species","k__Bacteria","p__Firmicutes","c__Bacilli","o__Lactobacillales","f__Streptococcaceae","g__Lactococcus","s__garvieae","Lactococcus garvieae"
"Species","k__Bacteria","p__Firmicutes","c__Bacilli","o__Lactobacillales","f__Streptococcaceae","g__Streptococcus","s__sobrinus","Streptococcus sobrinus"
"Species","k__Bacteria","p__Firmicutes","c__Bacilli","o__Lactobacillales","f__Streptococcaceae","g__Streptococcus","s__agalactiae","Streptococcus agalactiae"
"Species","k__Bacteria","p__Firmicutes","c__Bacilli","o__Lactobacillales","f__Streptococcaceae","g__Streptococcus","s__alactolyticus","Streptococcus alactolyticus"
"Species","k__Bacteria","p__Firmicutes","c__Bacilli","o__Lactobacillales","f__Streptococcaceae","g__Streptococcus","s__luteciae","Streptococcus luteciae"
"Species","k__Bacteria","p__Firmicutes","c__Bacilli","o__Lactobacillales","f__Streptococcaceae","g__Streptococcus","s__anginosus","Streptococcus anginosus"
"Species","k__Bacteria","p__Firmicutes","c__Bacilli","o__Lactobacillales","f__Streptococcaceae","g__Streptococcus","s__infantis","Streptococcus infantis"
"Species","k__Bacteria","p__Firmicutes","c__Erysipelotrichi","o__Erysipelotrichales","f__Erysipelotrichaceae","g__Clostridium","s__ramosum","Clostridium ramosum"
"Species","k__Bacteria","p__Firmicutes","c__Erysipelotrichi","o__Erysipelotrichales","f__Erysipelotrichaceae","g__Clostridium","s__saccharogumia","Clostridium saccharogumia"
"Species","k__Bacteria","p__Firmicutes","c__Erysipelotrichi","o__Erysipelotrichales","f__Erysipelotrichaceae","g__Clostridium","s__spiroforme","Clostridium spiroforme"
"Species","k__Bacteria","p__Firmicutes","c__Erysipelotrichi","o__Erysipelotrichales","f__Erysipelotrichaceae","g__Clostridium","s__cocleatum","Clostridium cocleatum"
"Species","k__Bacteria","p__Firmicutes","c__Erysipelotrichi","o__Erysipelotrichales","f__Erysipelotrichaceae","g__Coprobacillus","s__cateniformis","Coprobacillus cateniformis"
"Species","k__Bacteria","p__Firmicutes","c__Erysipelotrichi","o__Erysipelotrichales","f__Erysipelotrichaceae","g__Bulleidia","s__moorei","Bulleidia moorei"
"Species","k__Bacteria","p__Fusobacteria","c__Fusobacteriia","o__Fusobacteriales","f__Fusobacteriaceae","g__Cetobacterium","s__somerae","Cetobacterium somerae"
"Species","k__Bacteria","p__Actinobacteria","c__Coriobacteriia","o__Coriobacteriales","f__Coriobacteriaceae","g__Collinsella","s__aerofaciens","Collinsella aerofaciens"
"Species","k__Bacteria","p__Actinobacteria","c__Coriobacteriia","o__Coriobacteriales","f__Coriobacteriaceae","g__Collinsella","s__stercoris","Collinsella stercoris"
"Species","k__Bacteria","p__Actinobacteria","c__Coriobacteriia","o__Coriobacteriales","f__Coriobacteriaceae","g__Atopobium","s__rimae","Atopobium rimae"
"Species","k__Bacteria","p__Actinobacteria","c__Coriobacteriia","o__Coriobacteriales","f__Coriobacteriaceae","g__Atopobium","s__vaginae","Atopobium vaginae"
"Species","k__Bacteria","p__Actinobacteria","c__Coriobacteriia","o__Coriobacteriales","f__Coriobacteriaceae","g__Eggerthella","s__lenta","Eggerthella lenta"
"Species","k__Bacteria","p__Firmicutes","c__Clostridia","o__Clostridiales","f__Veillonellaceae","g__Veillonella","s__dispar","Veillonella dispar"
"Species","k__Bacteria","p__Firmicutes","c__Clostridia","o__Clostridiales","f__Veillonellaceae","g__Veillonella","s__parvula","Veillonella parvula"
"Species","k__Bacteria","p__Firmicutes","c__Clostridia","o__Clostridiales","f__Veillonellaceae","g__Mitsuokella","s__multacida","Mitsuokella multacida"
"Species","k__Bacteria","p__Firmicutes","c__Bacilli","o__Bacillales","f__Paenibacillaceae","g__Paenibacillus","s__amylolyticus","Paenibacillus amylolyticus"
"Species","k__Bacteria","p__Firmicutes","c__Bacilli","o__Bacillales","f__Paenibacillaceae","g__Paenibacillus","s__lautus","Paenibacillus lautus"
"Species","k__Bacteria","p__Firmicutes","c__Bacilli","o__Lactobacillales","f__Lactobacillaceae","g__Lactobacillus","s__zeae","Lactobacillus zeae"
"Species","k__Bacteria","p__Firmicutes","c__Bacilli","o__Lactobacillales","f__Lactobacillaceae","g__Lactobacillus","s__ruminis","Lactobacillus ruminis"
"Species","k__Bacteria","p__Firmicutes","c__Bacilli","o__Lactobacillales","f__Lactobacillaceae","g__Lactobacillus","s__salivarius","Lactobacillus salivarius"
"Species","k__Bacteria","p__Firmicutes","c__Bacilli","o__Lactobacillales","f__Lactobacillaceae","g__Lactobacillus","s__brevis","Lactobacillus brevis"
"Species","k__Bacteria","p__Firmicutes","c__Bacilli","o__Lactobacillales","f__Lactobacillaceae","g__Lactobacillus","s__reuteri","Lactobacillus reuteri"
"Species","k__Bacteria","p__Firmicutes","c__Bacilli","o__Lactobacillales","f__Lactobacillaceae","g__Lactobacillus","s__vaginalis","Lactobacillus vaginalis"
"Species","k__Bacteria","p__Firmicutes","c__Bacilli","o__Lactobacillales","f__Lactobacillaceae","g__Lactobacillus","s__iners","Lactobacillus iners"
"Species","k__Bacteria","p__Firmicutes","c__Bacilli","o__Lactobacillales","f__Lactobacillaceae","g__Lactobacillus","s__helveticus","Lactobacillus helveticus"
"Species","k__Bacteria","p__Firmicutes","c__Bacilli","o__Lactobacillales","f__Lactobacillaceae","g__Lactobacillus","s__delbrueckii","Lactobacillus delbrueckii"
"Species","k__Bacteria","p__Firmicutes","c__Bacilli","o__Lactobacillales","f__Leuconostocaceae","g__Leuconostoc","s__mesenteroides","Leuconostoc mesenteroides"
"Species","k__Bacteria","p__Firmicutes","c__Bacilli","o__Lactobacillales","f__Leuconostocaceae","g__Weissella","s__viridescens","Weissella viridescens"
"Species","k__Bacteria","p__Firmicutes","c__Bacilli","o__Lactobacillales","f__Leuconostocaceae","g__Weissella","s__paramesenteroides","Weissella paramesenteroides"
"Species","k__Bacteria","p__Firmicutes","c__Bacilli","o__Bacillales","f__Staphylococcaceae","g__Staphylococcus","s__succinus","Staphylococcus succinus"
"Species","k__Bacteria","p__Firmicutes","c__Bacilli","o__Bacillales","f__Bacillaceae","g__Bacillus","s__muralis","Bacillus muralis"
"Species","k__Bacteria","p__Firmicutes","c__Bacilli","o__Bacillales","f__Bacillaceae","g__Bacillus","s__firmus","Bacillus firmus"
"Species","k__Bacteria","p__Firmicutes","c__Bacilli","o__Bacillales","f__Bacillaceae","g__Geobacillus","s__vulcani","Geobacillus vulcani"
"Species","k__Bacteria","p__Firmicutes","c__Bacilli","o__Bacillales","f__Bacillaceae","g__Bacillus","s__humi","Bacillus humi"
"Species","k__Bacteria","p__Firmicutes","c__Bacilli","o__Bacillales","f__Bacillaceae","g__Bacillus","s__flexus","Bacillus flexus"
"Species","k__Bacteria","p__Firmicutes","c__Bacilli","o__Bacillales","f__Bacillaceae","g__Oceanobacillus","s__oncorhynchi","Oceanobacillus oncorhynchi"
"Species","k__Bacteria","p__Firmicutes","c__Bacilli","o__Bacillales","f__Bacillaceae","g__Oceanobacillus","s__chironomi","Oceanobacillus chironomi"
"Species","k__Bacteria","p__Firmicutes","c__Bacilli","o__Bacillales","f__Bacillaceae","g__Oceanobacillus","s__profundus","Oceanobacillus profundus"
"Species","k__Bacteria","p__Firmicutes","c__Bacilli","o__Bacillales","f__Alicyclobacillaceae","g__Alicyclobacillus","s__acidocaldarius","Alicyclobacillus acidocaldarius"
"Species","k__Bacteria","p__Proteobacteria","c__Alphaproteobacteria","o__Rickettsiales","f__mitochondria","g__Cucumis","s__melo","Cucumis melo"
"Species","k__Bacteria","p__Firmicutes","c__Bacilli","o__Bacillales","f__Alicyclobacillaceae","g__Alicyclobacillus","s__ferripilum","Alicyclobacillus ferripilum"
"Species","k__Bacteria","p__Actinobacteria","c__Actinobacteria","o__Actinomycetales","f__Nocardiaceae","g__Rhodococcus","s__equi","Rhodococcus equi"
"Species","k__Bacteria","p__Actinobacteria","c__Actinobacteria","o__Actinomycetales","f__Corynebacteriaceae","g__Corynebacterium","s__kroppenstedtii","Corynebacterium kroppenstedtii"
"Species","k__Bacteria","p__Actinobacteria","c__Actinobacteria","o__Actinomycetales","f__Corynebacteriaceae","g__Corynebacterium","s__simulans","Corynebacterium simulans"
"Species","k__Bacteria","p__Actinobacteria","c__Actinobacteria","o__Actinomycetales","f__Corynebacteriaceae","g__Corynebacterium","s__variabile","Corynebacterium variabile"
"Species","k__Bacteria","p__Actinobacteria","c__Actinobacteria","o__Actinomycetales","f__Corynebacteriaceae","g__Corynebacterium","s__mastitidis","Corynebacterium mastitidis"
"Species","k__Bacteria","p__Actinobacteria","c__Actinobacteria","o__Actinomycetales","f__Corynebacteriaceae","g__Corynebacterium","s__durum","Corynebacterium durum"
"Species","k__Bacteria","p__Actinobacteria","c__Actinobacteria","o__Actinomycetales","f__Brevibacteriaceae","g__Brevibacterium","s__paucivorans","Brevibacterium paucivorans"
"Species","k__Bacteria","p__Actinobacteria","c__Actinobacteria","o__Actinomycetales","f__Dermabacteraceae","g__Helcobacillus","s__massiliensis","Helcobacillus massiliensis"
"Species","k__Bacteria","p__Actinobacteria","c__Actinobacteria","o__Actinomycetales","f__Microbacteriaceae","g__Pseudoclavibacter","s__bifida","Pseudoclavibacter bifida"
"Species","k__Bacteria","p__Actinobacteria","c__Actinobacteria","o__Actinomycetales","f__Micrococcaceae","g__Arthrobacter","s__agilis","Arthrobacter agilis"
"Species","k__Bacteria","p__Actinobacteria","c__Actinobacteria","o__Bifidobacteriales","f__Bifidobacteriaceae","g__Bifidobacterium","s__bifidum","Bifidobacterium bifidum"
"Species","k__Bacteria","p__Actinobacteria","c__Actinobacteria","o__Bifidobacteriales","f__Bifidobacteriaceae","g__Bifidobacterium","s__animalis","Bifidobacterium animalis"
"Species","k__Bacteria","p__Actinobacteria","c__Actinobacteria","o__Actinomycetales","f__Actinomycetaceae","g__Actinomyces","s__europaeus","Actinomyces europaeus"
"Species","k__Bacteria","p__Actinobacteria","c__Actinobacteria","o__Actinomycetales","f__Micrococcaceae","g__Rothia","s__mucilaginosa","Rothia mucilaginosa"
"Species","k__Bacteria","p__Actinobacteria","c__Actinobacteria","o__Actinomycetales","f__Micrococcaceae","g__Rothia","s__aeria","Rothia aeria"
"Species","k__Bacteria","p__Actinobacteria","c__Actinobacteria","o__Actinomycetales","f__Micrococcaceae","g__Rothia","s__dentocariosa","Rothia dentocariosa"
"Species","k__Bacteria","p__Synergistetes","c__Synergistia","o__Synergistales","f__Dethiosulfovibrionaceae","g__Jonquetella","s__anthropi","Jonquetella anthropi"
"Species","k__Bacteria","p__Synergistetes","c__Synergistia","o__Synergistales","f__Dethiosulfovibrionaceae","g__Pyramidobacter","s__piscolens","Pyramidobacter piscolens"
"Species","k__Bacteria","p__Proteobacteria","c__Epsilonproteobacteria","o__Campylobacterales","f__Campylobacteraceae","g__Campylobacter","s__ureolyticus","Campylobacter ureolyticus"
"Species","k__Bacteria","p__Firmicutes","c__Clostridia","o__Clostridiales","f__Ruminococcaceae","g__Butyricicoccus","s__pullicaecorum","Butyricicoccus pullicaecorum"
"Species","k__Bacteria","p__Firmicutes","c__Clostridia","o__Clostridiales","f__Clostridiaceae","g__Clostridium","s__perfringens","Clostridium perfringens"
"Species","k__Bacteria","p__Firmicutes","c__Clostridia","o__Clostridiales","f__Clostridiaceae","g__Clostridium","s__neonatale","Clostridium neonatale"
"Species","k__Bacteria","p__Firmicutes","c__Clostridia","o__Clostridiales","f__Clostridiaceae","g__Clostridium","s__butyricum","Clostridium butyricum"
"Species","k__Bacteria","p__Firmicutes","c__Clostridia","o__Clostridiales","f__Clostridiaceae","g__Clostridium","s__paraputrificum","Clostridium paraputrificum"
"Species","k__Bacteria","p__Firmicutes","c__Clostridia","o__Clostridiales","f__Clostridiaceae","g__Clostridium","s__septicum","Clostridium septicum"
"Species","k__Bacteria","p__Firmicutes","c__Clostridia","o__Clostridiales","f__Clostridiaceae","g__Clostridium","s__celatum","Clostridium celatum"
"Species","k__Bacteria","p__Firmicutes","c__Clostridia","o__Clostridiales","f__Ruminococcaceae","g__Clostridium","s__methylpentosum","Clostridium methylpentosum"
"Species","k__Bacteria","p__Firmicutes","c__Clostridia","o__Clostridiales","f__Ruminococcaceae","g__Faecalibacterium","s__prausnitzii","Faecalibacterium prausnitzii"
"Species","k__Bacteria","p__Firmicutes","c__Clostridia","o__Clostridiales","f__Ruminococcaceae","g__Subdoligranulum","s__variabile","Subdoligranulum variabile"
"Species","k__Bacteria","p__Firmicutes","c__Clostridia","o__Clostridiales","f__Ruminococcaceae","g__Gemmiger","s__formicilis","Gemmiger formicilis"
"Species","k__Bacteria","p__Firmicutes","c__Clostridia","o__Clostridiales","f__Ruminococcaceae","g__Ruminococcus","s__flavefaciens","Ruminococcus flavefaciens"
"Species","k__Bacteria","p__Firmicutes","c__Clostridia","o__Clostridiales","f__Ruminococcaceae","g__Ruminococcus","s__callidus","Ruminococcus callidus"
"Species","k__Bacteria","p__Firmicutes","c__Clostridia","o__Clostridiales","f__Ruminococcaceae","g__Ruminococcus","s__bromii","Ruminococcus bromii"
"Species","k__Bacteria","p__Firmicutes","c__Clostridia","o__Clostridiales","f__Ruminococcaceae","g__Oscillospira","s__guilliermondii","Oscillospira guilliermondii"
"Species","k__Bacteria","p__Firmicutes","c__Clostridia","o__Clostridiales","f__Lachnospiraceae","g__Clostridium","s__colinum","Clostridium colinum"
"Species","k__Bacteria","p__Firmicutes","c__Clostridia","o__Clostridiales","f__Lachnospiraceae","g__Defluviitalea","s__saccharophila","Defluviitalea saccharophila"
"Species","k__Bacteria","p__Firmicutes","c__Clostridia","o__Clostridiales","f__Lachnospiraceae","g__[Ruminococcus]","s__gnavus","[Ruminococcus] gnavus"
"Species","k__Bacteria","p__Firmicutes","c__Clostridia","o__Clostridiales","f__Lachnospiraceae","g__Dorea","s__longicatena","Dorea longicatena"
"Species","k__Bacteria","p__Firmicutes","c__Clostridia","o__Clostridiales","f__Lachnospiraceae","g__Coprococcus","s__catus","Coprococcus catus"
"Species","k__Bacteria","p__Firmicutes","c__Clostridia","o__Clostridiales","f__Lachnospiraceae","g__Clostridium","s__aldenense","Clostridium aldenense"
"Species","k__Bacteria","p__Firmicutes","c__Clostridia","o__Clostridiales","f__Lachnospiraceae","g__Clostridium","s__symbiosum","Clostridium symbiosum"
"Species","k__Bacteria","p__Firmicutes","c__Clostridia","o__Clostridiales","f__Lachnospiraceae","g__Blautia","s__obeum","Blautia obeum"
"Species","k__Bacteria","p__Firmicutes","c__Clostridia","o__Clostridiales","f__Lachnospiraceae","g__Blautia","s__producta","Blautia producta"
"Species","k__Bacteria","p__Firmicutes","c__Clostridia","o__Clostridiales","f__Lachnospiraceae","g__Ruminococcus","s__lactaris","Ruminococcus lactaris"
"Species","k__Bacteria","p__Firmicutes","c__Clostridia","o__Clostridiales","f__Lachnospiraceae","g__Lactonifactor","s__longoviformis","Lactonifactor longoviformis"
"Species","k__Bacteria","p__Firmicutes","c__Clostridia","o__Clostridiales","f__Lachnospiraceae","g__Ruminococcus","s__gauvreauii","Ruminococcus gauvreauii"
"Species","k__Bacteria","p__Firmicutes","c__Clostridia","o__Clostridiales","f__Lachnospiraceae","g__Roseburia","s__faecis","Roseburia faecis"
"Species","k__Bacteria","p__Firmicutes","c__Clostridia","o__Clostridiales","f__Lachnospiraceae","g__Roseburia","s__inulinivorans","Roseburia inulinivorans"
"Species","k__Bacteria","p__Firmicutes","c__Clostridia","o__Clostridiales","f__Lachnospiraceae","g__[Ruminococcus]","s__torques","[Ruminococcus] torques"
"Species","k__Bacteria","p__Firmicutes","c__Clostridia","o__Clostridiales","f__Lachnospiraceae","g__Clostridium","s__clostridioforme","Clostridium clostridioforme"
"Species","k__Bacteria","p__Firmicutes","c__Clostridia","o__Clostridiales","f__Lachnospiraceae","g__Dorea","s__formicigenerans","Dorea formicigenerans"
"Species","k__Bacteria","p__Firmicutes","c__Clostridia","o__Clostridiales","f__Lachnospiraceae","g__Lachnoanaerobaculum","s__orale","Lachnoanaerobaculum orale"
"Species","k__Bacteria","p__Firmicutes","c__Clostridia","o__Clostridiales","f__Lachnospiraceae","g__Moryella","s__indoligenes","Moryella indoligenes"
"Species","k__Bacteria","p__Firmicutes","c__Clostridia","o__Clostridiales","f__Lachnospiraceae","g__Butyrivibrio","s__crossotus","Butyrivibrio crossotus"
"Species","k__Bacteria","p__Firmicutes","c__Clostridia","o__Clostridiales","f__Lachnospiraceae","g__Coprococcus","s__eutactus","Coprococcus eutactus"
"Species","k__Bacteria","p__Firmicutes","c__Clostridia","o__Clostridiales","f__Lachnospiraceae","g__Clostridium","s__citroniae","Clostridium citroniae"
"Species","k__Bacteria","p__Firmicutes","c__Clostridia","o__Clostridiales","f__Lachnospiraceae","g__Clostridium","s__lavalense","Clostridium lavalense"
"Species","k__Bacteria","p__Firmicutes","c__Clostridia","o__Clostridiales","f__Lachnospiraceae","g__Clostridium","s__hathewayi","Clostridium hathewayi"
"Genus","k__Bacteria","p__Verrucomicrobia","c__Verrucomicrobiae","o__Verrucomicrobiales","f__Verrucomicrobiaceae","g__Akkermansia",NA,"g__Akkermansia"
"Genus","k__Bacteria","p__Tenericutes","c__Mollicutes","o__Mycoplasmatales","f__Mycoplasmataceae","g__Ureaplasma",NA,"g__Ureaplasma"
"Genus","k__Bacteria","p__Bacteroidetes","c__Bacteroidia","o__Bacteroidales","f__[Paraprevotellaceae]","g__YRC22",NA,"g__YRC22"
"Genus","k__Bacteria","p__Bacteroidetes","c__Bacteroidia","o__Bacteroidales","f__[Paraprevotellaceae]","g__[Prevotella]",NA,"g__[Prevotella]"
"Genus","k__Bacteria","p__Bacteroidetes","c__Bacteroidia","o__Bacteroidales","f__Prevotellaceae","g__Prevotella",NA,"g__Prevotella"
"Genus","k__Bacteria","p__Bacteroidetes","c__Bacteroidia","o__Bacteroidales","f__[Paraprevotellaceae]","g__CF231",NA,"g__CF231"
"Genus","k__Bacteria","p__Bacteroidetes","c__Bacteroidia","o__Bacteroidales","f__[Paraprevotellaceae]","g__Paraprevotella",NA,"g__Paraprevotella"
"Genus","k__Bacteria","p__Bacteroidetes","c__Bacteroidia","o__Bacteroidales","f__Porphyromonadaceae","g__Porphyromonas",NA,"g__Porphyromonas"
"Genus","k__Bacteria","p__Bacteroidetes","c__Bacteroidia","o__Bacteroidales","f__[Odoribacteraceae]","g__Butyricimonas",NA,"g__Butyricimonas"
"Genus","k__Bacteria","p__Bacteroidetes","c__Bacteroidia","o__Bacteroidales","f__[Odoribacteraceae]","g__Odoribacter",NA,"g__Odoribacter"
"Genus","k__Bacteria","p__Bacteroidetes","c__Bacteroidia","o__Bacteroidales","f__Porphyromonadaceae","g__Dysgonomonas",NA,"g__Dysgonomonas"
"Genus","k__Bacteria","p__Bacteroidetes","c__Bacteroidia","o__Bacteroidales","f__Porphyromonadaceae","g__Parabacteroides",NA,"g__Parabacteroides"
"Genus","k__Bacteria","p__Bacteroidetes","c__Bacteroidia","o__Bacteroidales","f__[Barnesiellaceae]","g__Barnesiella",NA,"g__Barnesiella"
"Genus","k__Bacteria","p__Bacteroidetes","c__Cytophagia","o__Cytophagales","f__Cytophagaceae","g__Dyadobacter",NA,"g__Dyadobacter"
"Genus","k__Bacteria","p__Bacteroidetes","c__Cytophagia","o__Cytophagales","f__Cyclobacteriaceae","g__Algoriphagus",NA,"g__Algoriphagus"
"Genus","k__Bacteria","p__Bacteroidetes","c__Sphingobacteriia","o__Sphingobacteriales","f__Sphingobacteriaceae","g__Parapedobacter",NA,"g__Parapedobacter"
"Genus","k__Bacteria","p__Bacteroidetes","c__Sphingobacteriia","o__Sphingobacteriales","f__Sphingobacteriaceae","g__Pedobacter",NA,"g__Pedobacter"
"Genus","k__Bacteria","p__Bacteroidetes","c__Sphingobacteriia","o__Sphingobacteriales","f__Sphingobacteriaceae","g__Sphingobacterium",NA,"g__Sphingobacterium"
"Genus","k__Bacteria","p__Bacteroidetes","c__Flavobacteriia","o__Flavobacteriales","f__[Weeksellaceae]","g__Weeksella",NA,"g__Weeksella"
"Genus","k__Bacteria","p__Bacteroidetes","c__Flavobacteriia","o__Flavobacteriales","f__[Weeksellaceae]","g__Cloacibacterium",NA,"g__Cloacibacterium"
"Genus","k__Bacteria","p__Bacteroidetes","c__Flavobacteriia","o__Flavobacteriales","f__Flavobacteriaceae","g__Myroides",NA,"g__Myroides"
"Genus","k__Bacteria","p__Bacteroidetes","c__Flavobacteriia","o__Flavobacteriales","f__Flavobacteriaceae","g__Capnocytophaga",NA,"g__Capnocytophaga"
"Genus","k__Bacteria","p__Bacteroidetes","c__Flavobacteriia","o__Flavobacteriales","f__Flavobacteriaceae","g__Flavobacterium",NA,"g__Flavobacterium"
"Genus","k__Bacteria","p__Bacteroidetes","c__Flavobacteriia","o__Flavobacteriales","f__[Weeksellaceae]","g__Elizabethkingia",NA,"g__Elizabethkingia"
"Genus","k__Bacteria","p__Bacteroidetes","c__Flavobacteriia","o__Flavobacteriales","f__[Weeksellaceae]","g__Chryseobacterium",NA,"g__Chryseobacterium"
"Genus","k__Bacteria","p__Bacteroidetes","c__Bacteroidia","o__Bacteroidales","f__Rikenellaceae","g__Alistipes",NA,"g__Alistipes"
"Genus","k__Bacteria","p__Bacteroidetes","c__Bacteroidia","o__Bacteroidales","f__Rikenellaceae","g__human",NA,"g__human"
"Genus","k__Bacteria","p__Bacteroidetes","c__Bacteroidia","o__Bacteroidales","f__Bacteroidaceae","g__Bacteroides",NA,"g__Bacteroides"
"Genus","k__Bacteria","p__Proteobacteria","c__Gammaproteobacteria","o__Pseudomonadales","f__Moraxellaceae","g__Enhydrobacter",NA,"g__Enhydrobacter"
"Genus","k__Bacteria","p__Proteobacteria","c__Gammaproteobacteria","o__Thiotrichales","f__Thiotrichaceae","g__Thiothrix",NA,"g__Thiothrix"
"Genus","k__Bacteria","p__Proteobacteria","c__Deltaproteobacteria","o__Desulfovibrionales","f__Desulfovibrionaceae","g__Bilophila",NA,"g__Bilophila"
"Genus","k__Bacteria","p__Proteobacteria","c__Deltaproteobacteria","o__Desulfovibrionales","f__Desulfovibrionaceae","g__Desulfovibrio",NA,"g__Desulfovibrio"
"Genus","k__Bacteria","p__Proteobacteria","c__Alphaproteobacteria","o__Rhizobiales","f__Phyllobacteriaceae","g__Phyllobacterium",NA,"g__Phyllobacterium"
"Genus","k__Bacteria","p__Proteobacteria","c__Alphaproteobacteria","o__Rhodobacterales","f__Rhodobacteraceae","g__Paracoccus",NA,"g__Paracoccus"
"Genus","k__Bacteria","p__Proteobacteria","c__Alphaproteobacteria","o__Sphingomonadales","f__Sphingomonadaceae","g__Sphingobium",NA,"g__Sphingobium"
"Genus","k__Bacteria","p__Proteobacteria","c__Alphaproteobacteria","o__Sphingomonadales","f__Sphingomonadaceae","g__Sphingopyxis",NA,"g__Sphingopyxis"
"Genus","k__Bacteria","p__Proteobacteria","c__Alphaproteobacteria","o__Sphingomonadales","f__Sphingomonadaceae","g__Novosphingobium",NA,"g__Novosphingobium"
"Genus","k__Bacteria","p__Proteobacteria","c__Alphaproteobacteria","o__Sphingomonadales","f__Sphingomonadaceae","g__Sphingomonas",NA,"g__Sphingomonas"
"Genus","k__Bacteria","p__Proteobacteria","c__Alphaproteobacteria","o__Rhodospirillales","f__Rhodospirillaceae","g__Reyranella",NA,"g__Reyranella"
"Genus","k__Bacteria","p__Proteobacteria","c__Deltaproteobacteria","o__Bdellovibrionales","f__Bdellovibrionaceae","g__Bdellovibrio",NA,"g__Bdellovibrio"
"Genus","k__Bacteria","p__Proteobacteria","c__Alphaproteobacteria","o__Rhodospirillales","f__Rhodospirillaceae","g__Azospirillum",NA,"g__Azospirillum"
"Genus","k__Bacteria","p__Proteobacteria","c__Alphaproteobacteria","o__Caulobacterales","f__Caulobacteraceae","g__Caulobacter",NA,"g__Caulobacter"
"Genus","k__Bacteria","p__Proteobacteria","c__Alphaproteobacteria","o__Caulobacterales","f__Caulobacteraceae","g__Phenylobacterium",NA,"g__Phenylobacterium"
"Genus","k__Bacteria","p__Proteobacteria","c__Alphaproteobacteria","o__Caulobacterales","f__Caulobacteraceae","g__Brevundimonas",NA,"g__Brevundimonas"
"Genus","k__Bacteria","p__Proteobacteria","c__Alphaproteobacteria","o__Caulobacterales","f__Caulobacteraceae","g__Mycoplana",NA,"g__Mycoplana"
"Genus","k__Bacteria","p__Proteobacteria","c__Alphaproteobacteria","o__Rhizobiales","f__Brucellaceae","g__Ochrobactrum",NA,"g__Ochrobactrum"
"Genus","k__Bacteria","p__Proteobacteria","c__Alphaproteobacteria","o__Rhizobiales","f__Rhizobiaceae","g__Ensifer",NA,"g__Ensifer"
"Genus","k__Bacteria","p__Proteobacteria","c__Alphaproteobacteria","o__Rhizobiales","f__Rhizobiaceae","g__Rhizobium",NA,"g__Rhizobium"
"Genus","k__Bacteria","p__Proteobacteria","c__Alphaproteobacteria","o__Rhizobiales","f__Hyphomicrobiaceae","g__Devosia",NA,"g__Devosia"
"Genus","k__Bacteria","p__Proteobacteria","c__Alphaproteobacteria","o__Rhizobiales","f__Phyllobacteriaceae","g__Defluvibacter",NA,"g__Defluvibacter"
"Genus","k__Bacteria","p__Proteobacteria","c__Alphaproteobacteria","o__Rhizobiales","f__Brucellaceae","g__Pseudochrobactrum",NA,"g__Pseudochrobactrum"
"Genus","k__Bacteria","p__Proteobacteria","c__Alphaproteobacteria","o__Rhizobiales","f__Rhizobiaceae","g__Shinella",NA,"g__Shinella"
"Genus","k__Bacteria","p__Proteobacteria","c__Alphaproteobacteria","o__Rhizobiales","f__Rhizobiaceae","g__Agrobacterium",NA,"g__Agrobacterium"
"Genus","k__Bacteria","p__Proteobacteria","c__Gammaproteobacteria","o__Xanthomonadales","f__Xanthomonadaceae","g__Dokdonella",NA,"g__Dokdonella"
"Genus","k__Bacteria","p__Proteobacteria","c__Gammaproteobacteria","o__Xanthomonadales","f__Xanthomonadaceae","g__Stenotrophomonas",NA,"g__Stenotrophomonas"
"Genus","k__Bacteria","p__Proteobacteria","c__Gammaproteobacteria","o__Xanthomonadales","f__Xanthomonadaceae","g__Pseudoxanthomonas",NA,"g__Pseudoxanthomonas"
"Genus","k__Bacteria","p__Proteobacteria","c__Betaproteobacteria","o__Burkholderiales","f__Oxalobacteraceae","g__Massilia",NA,"g__Massilia"
"Genus","k__Bacteria","p__Proteobacteria","c__Betaproteobacteria","o__Rhodocyclales","f__Rhodocyclaceae","g__Hydrogenophilus",NA,"g__Hydrogenophilus"
"Genus","k__Bacteria","p__Proteobacteria","c__Gammaproteobacteria","o__Xanthomonadales","f__Sinobacteraceae","g__Nevskia",NA,"g__Nevskia"
"Genus","k__Bacteria","p__Proteobacteria","c__Gammaproteobacteria","o__Xanthomonadales","f__Xanthomonadaceae","g__Aquimonas",NA,"g__Aquimonas"
"Genus","k__Bacteria","p__Proteobacteria","c__Gammaproteobacteria","o__Pseudomonadales","f__Pseudomonadaceae","g__Pseudomonas",NA,"g__Pseudomonas"
"Genus","k__Bacteria","p__Proteobacteria","c__Betaproteobacteria","o__Neisseriales","f__Neisseriaceae","g__Neisseria",NA,"g__Neisseria"
"Genus","k__Bacteria","p__Proteobacteria","c__Betaproteobacteria","o__Burkholderiales","f__Alcaligenaceae","g__Oligella",NA,"g__Oligella"
"Genus","k__Bacteria","p__Proteobacteria","c__Betaproteobacteria","o__Burkholderiales","f__Alcaligenaceae","g__Bordetella",NA,"g__Bordetella"
"Genus","k__Bacteria","p__Proteobacteria","c__Betaproteobacteria","o__Burkholderiales","f__Alcaligenaceae","g__Achromobacter",NA,"g__Achromobacter"
"Genus","k__Bacteria","p__Proteobacteria","c__Betaproteobacteria","o__Burkholderiales","f__Alcaligenaceae","g__Sutterella",NA,"g__Sutterella"
"Genus","k__Bacteria","p__Proteobacteria","c__Betaproteobacteria","o__Burkholderiales","f__Burkholderiaceae","g__Lautropia",NA,"g__Lautropia"
"Genus","k__Bacteria","p__Proteobacteria","c__Betaproteobacteria","o__Burkholderiales","f__Oxalobacteraceae","g__Herminiimonas",NA,"g__Herminiimonas"
"Genus","k__Bacteria","p__Proteobacteria","c__Betaproteobacteria","o__Burkholderiales","f__Oxalobacteraceae","g__Herbaspirillum",NA,"g__Herbaspirillum"
"Genus","k__Bacteria","p__Proteobacteria","c__Betaproteobacteria","o__Burkholderiales","f__Oxalobacteraceae","g__Ralstonia",NA,"g__Ralstonia"
"Genus","k__Bacteria","p__Proteobacteria","c__Betaproteobacteria","o__Burkholderiales","f__Oxalobacteraceae","g__Oxalobacter",NA,"g__Oxalobacter"
"Genus","k__Bacteria","p__Proteobacteria","c__Betaproteobacteria","o__Burkholderiales","f__Oxalobacteraceae","g__Cupriavidus",NA,"g__Cupriavidus"
"Genus","k__Bacteria","p__Proteobacteria","c__Betaproteobacteria","o__Rhodocyclales","f__Rhodocyclaceae","g__Methyloversatilis",NA,"g__Methyloversatilis"
"Genus","k__Bacteria","p__Proteobacteria","c__Betaproteobacteria","o__Burkholderiales","f__Comamonadaceae","g__Hydrogenophaga",NA,"g__Hydrogenophaga"
"Genus","k__Bacteria","p__Proteobacteria","c__Betaproteobacteria","o__Burkholderiales","f__Comamonadaceae","g__Comamonas",NA,"g__Comamonas"
"Genus","k__Bacteria","p__Proteobacteria","c__Betaproteobacteria","o__Burkholderiales","f__Comamonadaceae","g__Alicycliphilus",NA,"g__Alicycliphilus"
"Genus","k__Bacteria","p__Proteobacteria","c__Betaproteobacteria","o__Burkholderiales","f__Comamonadaceae","g__Aquabacterium",NA,"g__Aquabacterium"
"Genus","k__Bacteria","p__Proteobacteria","c__Betaproteobacteria","o__Burkholderiales","f__Comamonadaceae","g__Acidovorax",NA,"g__Acidovorax"
"Genus","k__Bacteria","p__Proteobacteria","c__Betaproteobacteria","o__Burkholderiales","f__Comamonadaceae","g__Delftia",NA,"g__Delftia"
"Genus","k__Bacteria","p__Proteobacteria","c__Betaproteobacteria","o__Burkholderiales","f__Comamonadaceae","g__Variovorax",NA,"g__Variovorax"
"Genus","k__Bacteria","p__Proteobacteria","c__Betaproteobacteria","o__Rhodocyclales","f__Rhodocyclaceae","g__Dechloromonas",NA,"g__Dechloromonas"
"Genus","k__Bacteria","p__Proteobacteria","c__Betaproteobacteria","o__Burkholderiales","f__Burkholderiaceae","g__Burkholderia",NA,"g__Burkholderia"
"Genus","k__Bacteria","p__Proteobacteria","c__Gammaproteobacteria","o__Aeromonadales","f__Succinivibrionaceae","g__Succinivibrio",NA,"g__Succinivibrio"
"Genus","k__Bacteria","p__Proteobacteria","c__Gammaproteobacteria","o__Enterobacteriales","f__Enterobacteriaceae","g__Serratia",NA,"g__Serratia"
"Genus","k__Bacteria","p__Proteobacteria","c__Gammaproteobacteria","o__Enterobacteriales","f__Enterobacteriaceae","g__Citrobacter",NA,"g__Citrobacter"
"Genus","k__Bacteria","p__Proteobacteria","c__Gammaproteobacteria","o__Enterobacteriales","f__Enterobacteriaceae","g__Shigella",NA,"g__Shigella"
"Genus","k__Bacteria","p__Proteobacteria","c__Gammaproteobacteria","o__Enterobacteriales","f__Enterobacteriaceae","g__Cronobacter",NA,"g__Cronobacter"
"Genus","k__Bacteria","p__Proteobacteria","c__Gammaproteobacteria","o__Alteromonadales","f__[Chromatiaceae]","g__Alishewanella",NA,"g__Alishewanella"
"Genus","k__Bacteria","p__Proteobacteria","c__Gammaproteobacteria","o__Pasteurellales","f__Pasteurellaceae","g__Actinobacillus",NA,"g__Actinobacillus"
"Genus","k__Bacteria","p__Proteobacteria","c__Gammaproteobacteria","o__Pasteurellales","f__Pasteurellaceae","g__Haemophilus",NA,"g__Haemophilus"
"Genus","k__Bacteria","p__Proteobacteria","c__Gammaproteobacteria","o__Pasteurellales","f__Pasteurellaceae","g__Aggregatibacter",NA,"g__Aggregatibacter"
"Genus","k__Bacteria","p__Proteobacteria","c__Gammaproteobacteria","o__Enterobacteriales","f__Enterobacteriaceae","g__Morganella",NA,"g__Morganella"
"Genus","k__Bacteria","p__Proteobacteria","c__Gammaproteobacteria","o__Enterobacteriales","f__Enterobacteriaceae","g__Proteus",NA,"g__Proteus"
"Genus","k__Bacteria","p__Proteobacteria","c__Gammaproteobacteria","o__Pseudomonadales","f__Moraxellaceae","g__Acinetobacter",NA,"g__Acinetobacter"
"Genus","k__Bacteria","p__Proteobacteria","c__Deltaproteobacteria","o__Bdellovibrionales","f__Bacteriovoracaceae","g__Peredibacter",NA,"g__Peredibacter"
"Genus","k__Bacteria","p__Synergistetes","c__Synergistia","o__Synergistales","f__Synergistaceae","g__Cloacibacillus",NA,"g__Cloacibacillus"
"Genus","k__Bacteria","p__Synergistetes","c__Synergistia","o__Synergistales","f__Synergistaceae","g__Synergistes",NA,"g__Synergistes"
"Genus","k__Bacteria","p__Lentisphaerae","c__[Lentisphaeria]","o__Victivallales","f__Victivallaceae","g__Victivallis",NA,"g__Victivallis"
"Genus","k__Bacteria","p__Spirochaetes","c__Spirochaetes","o__Spirochaetales","f__Spirochaetaceae","g__Treponema",NA,"g__Treponema"
"Genus","k__Archaea","p__Euryarchaeota","c__Thermoplasmata","o__E2","f__[Methanomassiliicoccaceae]","g__Methanomassiliicoccus",NA,"g__Methanomassiliicoccus"
"Genus","k__Archaea","p__Euryarchaeota","c__Thermoplasmata","o__E2","f__[Methanomassiliicoccaceae]","g__vadinCA11",NA,"g__vadinCA11"
"Genus","k__Archaea","p__Euryarchaeota","c__Methanobacteria","o__Methanobacteriales","f__Methanobacteriaceae","g__Methanosphaera",NA,"g__Methanosphaera"
"Genus","k__Archaea","p__Euryarchaeota","c__Methanobacteria","o__Methanobacteriales","f__Methanobacteriaceae","g__Methanobrevibacter",NA,"g__Methanobrevibacter"
"Genus","k__Bacteria","p__Tenericutes","c__Mollicutes","o__Mycoplasmatales","f__Mycoplasmataceae","g__Mycoplasma",NA,"g__Mycoplasma"
"Genus","k__Bacteria","p__Firmicutes","c__Erysipelotrichi","o__Erysipelotrichales","f__Erysipelotrichaceae","g__Holdemania",NA,"g__Holdemania"
"Genus","k__Bacteria","p__Firmicutes","c__Erysipelotrichi","o__Erysipelotrichales","f__Erysipelotrichaceae","g__Bulleidia",NA,"g__Bulleidia"
"Genus","k__Bacteria","p__Firmicutes","c__Erysipelotrichi","o__Erysipelotrichales","f__Erysipelotrichaceae","g__p-75-a5",NA,"g__p-75-a5"
"Genus","k__Bacteria","p__Firmicutes","c__Erysipelotrichi","o__Erysipelotrichales","f__Erysipelotrichaceae","g__Allobaculum",NA,"g__Allobaculum"
"Genus","k__Bacteria","p__Firmicutes","c__Erysipelotrichi","o__Erysipelotrichales","f__Erysipelotrichaceae","g__cc_115",NA,"g__cc_115"
"Genus","k__Bacteria","p__Firmicutes","c__Erysipelotrichi","o__Erysipelotrichales","f__Erysipelotrichaceae","g__[Eubacterium]",NA,"g__[Eubacterium]"
"Genus","k__Bacteria","p__Firmicutes","c__Erysipelotrichi","o__Erysipelotrichales","f__Erysipelotrichaceae","g__Anaerorhabdus",NA,"g__Anaerorhabdus"
"Genus","k__Bacteria","p__Firmicutes","c__Clostridia","o__Clostridiales","f__[Tissierellaceae]","g__Helcococcus",NA,"g__Helcococcus"
"Genus","k__Bacteria","p__Firmicutes","c__Clostridia","o__Clostridiales","f__Clostridiaceae","g__SMB53",NA,"g__SMB53"
"Genus","k__Bacteria","p__Firmicutes","c__Clostridia","o__Clostridiales","f__Peptostreptococcaceae","g__Peptostreptococcus",NA,"g__Peptostreptococcus"
"Genus","k__Bacteria","p__Firmicutes","c__Clostridia","o__Clostridiales","f__Peptostreptococcaceae","g__[Clostridium]",NA,"g__[Clostridium]"
"Genus","k__Bacteria","p__Firmicutes","c__Clostridia","o__Clostridiales","f__[Tissierellaceae]","g__Peptoniphilus",NA,"g__Peptoniphilus"
"Genus","k__Bacteria","p__Firmicutes","c__Clostridia","o__Clostridiales","f__[Tissierellaceae]","g__Anaerococcus",NA,"g__Anaerococcus"
"Genus","k__Bacteria","p__Firmicutes","c__Clostridia","o__Clostridiales","f__[Tissierellaceae]","g__1-68",NA,"g__1-68"
"Genus","k__Bacteria","p__Firmicutes","c__Clostridia","o__Clostridiales","f__[Tissierellaceae]","g__Finegoldia",NA,"g__Finegoldia"
"Genus","k__Bacteria","p__Firmicutes","c__Clostridia","o__Clostridiales","f__[Tissierellaceae]","g__Gallicola",NA,"g__Gallicola"
"Genus","k__Bacteria","p__Firmicutes","c__Clostridia","o__Clostridiales","f__[Tissierellaceae]","g__Parvimonas",NA,"g__Parvimonas"
"Genus","k__Bacteria","p__Firmicutes","c__Clostridia","o__Clostridiales","f__[Tissierellaceae]","g__ph2",NA,"g__ph2"
"Genus","k__Bacteria","p__Firmicutes","c__Clostridia","o__Clostridiales","f__[Mogibacteriaceae]","g__Mogibacterium",NA,"g__Mogibacterium"
"Genus","k__Bacteria","p__Firmicutes","c__Bacilli","o__Lactobacillales","f__Streptococcaceae","g__Lactococcus",NA,"g__Lactococcus"
"Genus","k__Bacteria","p__Firmicutes","c__Bacilli","o__Lactobacillales","f__Streptococcaceae","g__Streptococcus",NA,"g__Streptococcus"
"Genus","k__Bacteria","p__Firmicutes","c__Erysipelotrichi","o__Erysipelotrichales","f__Erysipelotrichaceae","g__Catenibacterium",NA,"g__Catenibacterium"
"Genus","k__Bacteria","p__Firmicutes","c__Erysipelotrichi","o__Erysipelotrichales","f__Erysipelotrichaceae","g__Clostridium",NA,"g__Clostridium_E"
"Genus","k__Bacteria","p__Firmicutes","c__Erysipelotrichi","o__Erysipelotrichales","f__Erysipelotrichaceae","g__Coprobacillus",NA,"g__Coprobacillus"
"Genus","k__Bacteria","p__Firmicutes","c__Erysipelotrichi","o__Erysipelotrichales","f__Erysipelotrichaceae","g__RFN20",NA,"g__RFN20"
"Genus","k__Bacteria","p__Fusobacteria","c__Fusobacteriia","o__Fusobacteriales","f__Fusobacteriaceae","g__Cetobacterium",NA,"g__Cetobacterium"
"Genus","k__Bacteria","p__Fusobacteria","c__Fusobacteriia","o__Fusobacteriales","f__Fusobacteriaceae","g__Fusobacterium",NA,"g__Fusobacterium"
"Genus","k__Bacteria","p__Fusobacteria","c__Fusobacteriia","o__Fusobacteriales","f__Leptotrichiaceae","g__Sneathia",NA,"g__Sneathia"
"Genus","k__Bacteria","p__Fusobacteria","c__Fusobacteriia","o__Fusobacteriales","f__Leptotrichiaceae","g__Leptotrichia",NA,"g__Leptotrichia"
"Genus","k__Bacteria","p__Tenericutes","c__Mollicutes","o__Anaeroplasmatales","f__Anaeroplasmataceae","g__Anaeroplasma",NA,"g__Anaeroplasma"
"Genus","k__Bacteria","p__Actinobacteria","c__Coriobacteriia","o__Coriobacteriales","f__Coriobacteriaceae","g__Collinsella",NA,"g__Collinsella"
"Genus","k__Bacteria","p__Actinobacteria","c__Coriobacteriia","o__Coriobacteriales","f__Coriobacteriaceae","g__Atopobium",NA,"g__Atopobium"
"Genus","k__Bacteria","p__Actinobacteria","c__Coriobacteriia","o__Coriobacteriales","f__Coriobacteriaceae","g__Adlercreutzia",NA,"g__Adlercreutzia"
"Genus","k__Bacteria","p__Actinobacteria","c__Coriobacteriia","o__Coriobacteriales","f__Coriobacteriaceae","g__Slackia",NA,"g__Slackia"
"Genus","k__Bacteria","p__Actinobacteria","c__Coriobacteriia","o__Coriobacteriales","f__Coriobacteriaceae","g__Eggerthella",NA,"g__Eggerthella"
"Genus","k__Bacteria","p__Firmicutes","c__Clostridia","o__Clostridiales","f__Veillonellaceae","g__Succiniclasticum",NA,"g__Succiniclasticum"
"Genus","k__Bacteria","p__Firmicutes","c__Clostridia","o__Clostridiales","f__Veillonellaceae","g__Acidaminococcus",NA,"g__Acidaminococcus"
"Genus","k__Bacteria","p__Firmicutes","c__Clostridia","o__Clostridiales","f__Veillonellaceae","g__Phascolarctobacterium",NA,"g__Phascolarctobacterium"
"Genus","k__Bacteria","p__Firmicutes","c__Clostridia","o__Clostridiales","f__Veillonellaceae","g__Dialister",NA,"g__Dialister"
"Genus","k__Bacteria","p__Firmicutes","c__Clostridia","o__Clostridiales","f__Veillonellaceae","g__Veillonella",NA,"g__Veillonella"
"Genus","k__Bacteria","p__Firmicutes","c__Clostridia","o__Clostridiales","f__Veillonellaceae","g__Megasphaera",NA,"g__Megasphaera"
"Genus","k__Bacteria","p__Firmicutes","c__Clostridia","o__Clostridiales","f__Veillonellaceae","g__Megamonas",NA,"g__Megamonas"
"Genus","k__Bacteria","p__Firmicutes","c__Clostridia","o__Clostridiales","f__Veillonellaceae","g__Mitsuokella",NA,"g__Mitsuokella"
"Genus","k__Bacteria","p__Firmicutes","c__Clostridia","o__Clostridiales","f__Veillonellaceae","g__Anaerovibrio",NA,"g__Anaerovibrio"
"Genus","k__Bacteria","p__Firmicutes","c__Bacilli","o__Bacillales","f__Paenibacillaceae","g__Paenibacillus",NA,"g__Paenibacillus"
"Genus","k__Bacteria","p__Firmicutes","c__Bacilli","o__Lactobacillales","f__Aerococcaceae","g__Aerococcus",NA,"g__Aerococcus"
"Genus","k__Bacteria","p__Firmicutes","c__Bacilli","o__Lactobacillales","f__Lactobacillaceae","g__Pediococcus",NA,"g__Pediococcus"
"Genus","k__Bacteria","p__Firmicutes","c__Bacilli","o__Lactobacillales","f__Lactobacillaceae","g__Lactobacillus",NA,"g__Lactobacillus"
"Genus","k__Bacteria","p__Firmicutes","c__Bacilli","o__Lactobacillales","f__Leuconostocaceae","g__Leuconostoc",NA,"g__Leuconostoc"
"Genus","k__Bacteria","p__Firmicutes","c__Bacilli","o__Lactobacillales","f__Leuconostocaceae","g__Weissella",NA,"g__Weissella"
"Genus","k__Bacteria","p__Firmicutes","c__Bacilli","o__Bacillales","f__Staphylococcaceae","g__Staphylococcus",NA,"g__Staphylococcus"
"Genus","k__Bacteria","p__Firmicutes","c__Bacilli","o__Turicibacterales","f__Turicibacteraceae","g__Turicibacter",NA,"g__Turicibacter"
"Genus","k__Bacteria","p__Firmicutes","c__Bacilli","o__Bacillales","f__Planococcaceae","g__Rummeliibacillus",NA,"g__Rummeliibacillus"
"Genus","k__Bacteria","p__Firmicutes","c__Bacilli","o__Gemellales","f__Gemellaceae","g__Gemella",NA,"g__Gemella"
"Genus","k__Bacteria","p__Firmicutes","c__Bacilli","o__Bacillales","f__Staphylococcaceae","g__Salinicoccus",NA,"g__Salinicoccus"
"Genus","k__Bacteria","p__Firmicutes","c__Bacilli","o__Bacillales","f__Staphylococcaceae","g__Jeotgalicoccus",NA,"g__Jeotgalicoccus"
"Genus","k__Bacteria","p__Firmicutes","c__Bacilli","o__Lactobacillales","f__Enterococcaceae","g__Enterococcus",NA,"g__Enterococcus"
"Genus","k__Bacteria","p__Firmicutes","c__Bacilli","o__Lactobacillales","f__Carnobacteriaceae","g__Granulicatella",NA,"g__Granulicatella"
"Genus","k__Bacteria","p__Firmicutes","c__Bacilli","o__Bacillales","f__Planococcaceae","g__Solibacillus",NA,"g__Solibacillus"
"Genus","k__Bacteria","p__Firmicutes","c__Bacilli","o__Bacillales","f__Bacillaceae","g__Bacillus",NA,"g__Bacillus"
"Genus","k__Bacteria","p__Firmicutes","c__Bacilli","o__Bacillales","f__Bacillaceae","g__Geobacillus",NA,"g__Geobacillus"
"Genus","k__Bacteria","p__Firmicutes","c__Bacilli","o__Lactobacillales","f__Aerococcaceae","g__Abiotrophia",NA,"g__Abiotrophia"
"Genus","k__Bacteria","p__Firmicutes","c__Bacilli","o__Lactobacillales","f__Aerococcaceae","g__Facklamia",NA,"g__Facklamia"
"Genus","k__Bacteria","p__Firmicutes","c__Bacilli","o__Bacillales","f__Planococcaceae","g__Sporosarcina",NA,"g__Sporosarcina"
"Genus","k__Bacteria","p__Firmicutes","c__Bacilli","o__Bacillales","f__Bacillaceae","g__Oceanobacillus",NA,"g__Oceanobacillus"
"Genus","k__Bacteria","p__Firmicutes","c__Bacilli","o__Bacillales","f__Alicyclobacillaceae","g__Kyrpidia",NA,"g__Kyrpidia"
"Genus","k__Bacteria","p__Proteobacteria","c__Alphaproteobacteria","o__Rickettsiales","f__mitochondria","g__Cucumis",NA,"g__Cucumis"
"Genus","k__Bacteria","p__Firmicutes","c__Bacilli","o__Bacillales","f__Alicyclobacillaceae","g__Alicyclobacillus",NA,"g__Alicyclobacillus"
"Genus","k__Bacteria","p__Actinobacteria","c__Actinobacteria","o__Actinomycetales","f__Streptomycetaceae","g__Streptomyces",NA,"g__Streptomyces"
"Genus","k__Bacteria","p__Actinobacteria","c__Actinobacteria","o__Actinomycetales","f__Nocardiaceae","g__Rhodococcus",NA,"g__Rhodococcus"
"Genus","k__Bacteria","p__Actinobacteria","c__Actinobacteria","o__Actinomycetales","f__Corynebacteriaceae","g__Corynebacterium",NA,"g__Corynebacterium"
"Genus","k__Bacteria","p__Actinobacteria","c__Actinobacteria","o__Actinomycetales","f__Micrococcaceae","g__Kocuria",NA,"g__Kocuria"
"Genus","k__Bacteria","p__Actinobacteria","c__Actinobacteria","o__Actinomycetales","f__Brevibacteriaceae","g__Brevibacterium",NA,"g__Brevibacterium"
"Genus","k__Bacteria","p__Actinobacteria","c__Actinobacteria","o__Actinomycetales","f__Dermabacteraceae","g__Helcobacillus",NA,"g__Helcobacillus"
"Genus","k__Bacteria","p__Actinobacteria","c__Actinobacteria","o__Actinomycetales","f__Dermabacteraceae","g__Brachybacterium",NA,"g__Brachybacterium"
"Genus","k__Bacteria","p__Actinobacteria","c__Actinobacteria","o__Actinomycetales","f__Dermabacteraceae","g__Dermabacter",NA,"g__Dermabacter"
"Genus","k__Bacteria","p__Actinobacteria","c__Actinobacteria","o__Actinomycetales","f__Promicromonosporaceae","g__Cellulosimicrobium",NA,"g__Cellulosimicrobium"
"Genus","k__Bacteria","p__Actinobacteria","c__Actinobacteria","o__Actinomycetales","f__Microbacteriaceae","g__Pseudoclavibacter",NA,"g__Pseudoclavibacter"
"Genus","k__Bacteria","p__Actinobacteria","c__Actinobacteria","o__Actinomycetales","f__Micrococcaceae","g__Nesterenkonia",NA,"g__Nesterenkonia"
"Genus","k__Bacteria","p__Actinobacteria","c__Actinobacteria","o__Actinomycetales","f__Micrococcaceae","g__Arthrobacter",NA,"g__Arthrobacter"
"Genus","k__Bacteria","p__Actinobacteria","c__Actinobacteria","o__Actinomycetales","f__Micrococcaceae","g__Micrococcus",NA,"g__Micrococcus"
"Genus","k__Bacteria","p__Actinobacteria","c__Actinobacteria","o__Bifidobacteriales","f__Bifidobacteriaceae","g__Alloscardovia",NA,"g__Alloscardovia"
"Genus","k__Bacteria","p__Actinobacteria","c__Actinobacteria","o__Bifidobacteriales","f__Bifidobacteriaceae","g__Bifidobacterium",NA,"g__Bifidobacterium"
"Genus","k__Bacteria","p__Actinobacteria","c__Actinobacteria","o__Bifidobacteriales","f__Bifidobacteriaceae","g__Gardnerella",NA,"g__Gardnerella"
"Genus","k__Bacteria","p__Actinobacteria","c__Actinobacteria","o__Bifidobacteriales","f__Bifidobacteriaceae","g__Scardovia",NA,"g__Scardovia"
"Genus","k__Bacteria","p__Actinobacteria","c__Actinobacteria","o__Actinomycetales","f__Actinomycetaceae","g__Mobiluncus",NA,"g__Mobiluncus"
"Genus","k__Bacteria","p__Actinobacteria","c__Actinobacteria","o__Actinomycetales","f__Actinomycetaceae","g__Varibaculum",NA,"g__Varibaculum"
"Genus","k__Bacteria","p__Actinobacteria","c__Actinobacteria","o__Actinomycetales","f__Actinomycetaceae","g__N09",NA,"g__N09"
"Genus","k__Bacteria","p__Actinobacteria","c__Actinobacteria","o__Actinomycetales","f__Actinomycetaceae","g__Actinomyces",NA,"g__Actinomyces"
"Genus","k__Bacteria","p__Actinobacteria","c__Actinobacteria","o__Actinomycetales","f__Micrococcaceae","g__Rothia",NA,"g__Rothia"
"Genus","k__Bacteria","p__Actinobacteria","c__Actinobacteria","o__Actinomycetales","f__Dermacoccaceae","g__Dermacoccus",NA,"g__Dermacoccus"
"Genus","k__Bacteria","p__Actinobacteria","c__Actinobacteria","o__Actinomycetales","f__Actinomycetaceae","g__Arcanobacterium",NA,"g__Arcanobacterium"
"Genus","k__Bacteria","p__Actinobacteria","c__Actinobacteria","o__Actinomycetales","f__Actinomycetaceae","g__Actinobaculum",NA,"g__Actinobaculum"
"Genus","k__Bacteria","p__Firmicutes","c__Clostridia","o__Clostridiales","f__[Tissierellaceae]","g__WAL_1855D",NA,"g__WAL_1855D"
"Genus","k__Bacteria","p__Firmicutes","c__Clostridia","o__Clostridiales","f__Lachnospiraceae","g__Epulopiscium",NA,"g__Epulopiscium"
"Genus","k__Bacteria","p__Firmicutes","c__Clostridia","o__Clostridiales","f__Dehalobacteriaceae","g__Dehalobacterium",NA,"g__Dehalobacterium"
"Genus","k__Bacteria","p__Synergistetes","c__Synergistia","o__Synergistales","f__Dethiosulfovibrionaceae","g__Jonquetella",NA,"g__Jonquetella"
"Genus","k__Bacteria","p__Synergistetes","c__Synergistia","o__Synergistales","f__Dethiosulfovibrionaceae","g__Pyramidobacter",NA,"g__Pyramidobacter"
"Genus","k__Bacteria","p__Proteobacteria","c__Epsilonproteobacteria","o__Campylobacterales","f__Campylobacteraceae","g__Campylobacter",NA,"g__Campylobacter"
"Genus","k__Bacteria","p__Firmicutes","c__Clostridia","o__Clostridiales","f__Peptococcaceae","g__Peptococcus",NA,"g__Peptococcus"
"Genus","k__Bacteria","p__Firmicutes","c__Clostridia","o__Clostridiales","f__Peptococcaceae","g__rc4-4",NA,"g__rc4-4"
"Genus","k__Bacteria","p__Firmicutes","c__Clostridia","o__Clostridiales","f__Eubacteriaceae","g__Anaerofustis",NA,"g__Anaerofustis"
"Genus","k__Bacteria","p__Firmicutes","c__Clostridia","o__Clostridiales","f__Eubacteriaceae","g__Pseudoramibacter_Eubacterium",NA,"g__Pseudoramibacter_Eubacterium"
"Genus","k__Bacteria","p__Firmicutes","c__Clostridia","o__Clostridiales","f__Ruminococcaceae","g__Butyricicoccus",NA,"g__Butyricicoccus"
"Genus","k__Bacteria","p__Firmicutes","c__Clostridia","o__Clostridiales","f__Christensenellaceae","g__Christensenella",NA,"g__Christensenella"
"Genus","k__Bacteria","p__Firmicutes","c__Clostridia","o__Clostridiales","f__Clostridiaceae","g__Sarcina",NA,"g__Sarcina"
"Genus","k__Bacteria","p__Firmicutes","c__Clostridia","o__Clostridiales","f__Clostridiaceae","g__Clostridium",NA,"g__Clostridium_C"
"Genus","k__Bacteria","p__Firmicutes","c__Clostridia","o__Clostridiales","f__Ruminococcaceae","g__Clostridium",NA,"g__Clostridium_R"
"Genus","k__Bacteria","p__Firmicutes","c__Clostridia","o__Clostridiales","f__Ruminococcaceae","g__Anaerotruncus",NA,"g__Anaerotruncus"
"Genus","k__Bacteria","p__Firmicutes","c__Clostridia","o__Clostridiales","f__Ruminococcaceae","g__Faecalibacterium",NA,"g__Faecalibacterium"
"Genus","k__Bacteria","p__Firmicutes","c__Clostridia","o__Clostridiales","f__Ruminococcaceae","g__Subdoligranulum",NA,"g__Subdoligranulum"
"Genus","k__Bacteria","p__Firmicutes","c__Clostridia","o__Clostridiales","f__Ruminococcaceae","g__Gemmiger",NA,"g__Gemmiger"
"Genus","k__Bacteria","p__Firmicutes","c__Clostridia","o__Clostridiales","f__Ruminococcaceae","g__Anaerofilum",NA,"g__Anaerofilum"
"Genus","k__Bacteria","p__Firmicutes","c__Clostridia","o__Clostridiales","f__Ruminococcaceae","g__Ruminococcus",NA,"g__Ruminococcus_R"
"Genus","k__Bacteria","p__Firmicutes","c__Clostridia","o__Clostridiales","f__Ruminococcaceae","g__Oscillospira",NA,"g__Oscillospira"
"Genus","k__Bacteria","p__Firmicutes","c__Clostridia","o__Clostridiales","f__Caldicoprobacteraceae","g__Caldicoprobacter",NA,"g__Caldicoprobacter"
"Genus","k__Bacteria","p__Firmicutes","c__Clostridia","o__Clostridiales","f__Lachnospiraceae","g__Defluviitalea",NA,"g__Defluviitalea"
"Genus","k__Bacteria","p__Firmicutes","c__Clostridia","o__Clostridiales","f__Lachnospiraceae","g__Coprococcus",NA,"g__Coprococcus"
"Genus","k__Bacteria","p__Firmicutes","c__Clostridia","o__Clostridiales","f__Lachnospiraceae","g__Lachnospira",NA,"g__Lachnospira"
"Genus","k__Bacteria","p__Firmicutes","c__Clostridia","o__Clostridiales","f__Lachnospiraceae","g__Anaerostipes",NA,"g__Anaerostipes"
"Genus","k__Bacteria","p__Firmicutes","c__Clostridia","o__Clostridiales","f__Lachnospiraceae","g__Dorea",NA,"g__Dorea"
"Genus","k__Bacteria","p__Firmicutes","c__Clostridia","o__Clostridiales","f__Lachnospiraceae","g__Blautia",NA,"g__Blautia"
"Genus","k__Bacteria","p__Firmicutes","c__Clostridia","o__Clostridiales","f__Lachnospiraceae","g__Ruminococcus",NA,"g__Ruminococcus_L"
"Genus","k__Bacteria","p__Firmicutes","c__Clostridia","o__Clostridiales","f__Lachnospiraceae","g__Lactonifactor",NA,"g__Lactonifactor"
"Genus","k__Bacteria","p__Firmicutes","c__Clostridia","o__Clostridiales","f__Lachnospiraceae","g__Roseburia",NA,"g__Roseburia"
"Genus","k__Bacteria","p__Firmicutes","c__Clostridia","o__Clostridiales","f__Lachnospiraceae","g__Shuttleworthia",NA,"g__Shuttleworthia"
"Genus","k__Bacteria","p__Firmicutes","c__Clostridia","o__Clostridiales","f__Lachnospiraceae","g__Lachnobacterium",NA,"g__Lachnobacterium"
"Genus","k__Bacteria","p__Firmicutes","c__Clostridia","o__Clostridiales","f__Lachnospiraceae","g__[Ruminococcus]",NA,"g__[Ruminococcus]"
"Genus","k__Bacteria","p__Firmicutes","c__Clostridia","o__Clostridiales","f__Lachnospiraceae","g__Clostridium",NA,"g__Clostridium_L"
"Genus","k__Bacteria","p__Firmicutes","c__Clostridia","o__Clostridiales","f__Lachnospiraceae","g__Lachnoanaerobaculum",NA,"g__Lachnoanaerobaculum"
"Genus","k__Bacteria","p__Firmicutes","c__Clostridia","o__Clostridiales","f__Lachnospiraceae","g__Moryella",NA,"g__Moryella"
"Genus","k__Bacteria","p__Firmicutes","c__Clostridia","o__Clostridiales","f__Lachnospiraceae","g__Butyrivibrio",NA,"g__Butyrivibrio"
"Genus","k__Bacteria","p__Firmicutes","c__Clostridia","o__Clostridiales","f__Lachnospiraceae","g__Oribacterium",NA,"g__Oribacterium"
"Family","k__Bacteria","p__Verrucomicrobia","c__Verrucomicrobiae","o__Verrucomicrobiales","f__Verrucomicrobiaceae",NA,NA,"f__Verrucomicrobiaceae"
"Family","k__Bacteria","p__Bacteroidetes","c__Bacteroidia","o__Bacteroidales","f__Prevotellaceae",NA,NA,"f__Prevotellaceae"
"Family","k__Bacteria","p__Bacteroidetes","c__Bacteroidia","o__Bacteroidales","f__[Paraprevotellaceae]",NA,NA,"f__[Paraprevotellaceae]"
"Family","k__Bacteria","p__Bacteroidetes","c__Bacteroidia","o__Bacteroidales","f__[Odoribacteraceae]",NA,NA,"f__[Odoribacteraceae]"
"Family","k__Bacteria","p__Bacteroidetes","c__Bacteroidia","o__Bacteroidales","f__Porphyromonadaceae",NA,NA,"f__Porphyromonadaceae"
"Family","k__Bacteria","p__Bacteroidetes","c__Bacteroidia","o__Bacteroidales","f__[Barnesiellaceae]",NA,NA,"f__[Barnesiellaceae]"
"Family","k__Bacteria","p__Bacteroidetes","c__Bacteroidia","o__Bacteroidales","f__S24-7",NA,NA,"f__S24-7"
"Family","k__Bacteria","p__Bacteroidetes","c__Cytophagia","o__Cytophagales","f__Cytophagaceae",NA,NA,"f__Cytophagaceae"
"Family","k__Bacteria","p__Bacteroidetes","c__Cytophagia","o__Cytophagales","f__Cyclobacteriaceae",NA,NA,"f__Cyclobacteriaceae"
"Family","k__Bacteria","p__Bacteroidetes","c__Sphingobacteriia","o__Sphingobacteriales","f__Sphingobacteriaceae",NA,NA,"f__Sphingobacteriaceae"
"Family","k__Bacteria","p__Bacteroidetes","c__[Saprospirae]","o__[Saprospirales]","f__Chitinophagaceae",NA,NA,"f__Chitinophagaceae"
"Family","k__Bacteria","p__Bacteroidetes","c__[Saprospirae]","o__[Saprospirales]","f__Saprospiraceae",NA,NA,"f__Saprospiraceae"
"Family","k__Bacteria","p__Bacteroidetes","c__Flavobacteriia","o__Flavobacteriales","f__Flavobacteriaceae",NA,NA,"f__Flavobacteriaceae"
"Family","k__Bacteria","p__Bacteroidetes","c__Flavobacteriia","o__Flavobacteriales","f__[Weeksellaceae]",NA,NA,"f__[Weeksellaceae]"
"Family","k__Bacteria","p__Bacteroidetes","c__Bacteroidia","o__Bacteroidales","f__Rikenellaceae",NA,NA,"f__Rikenellaceae"
"Family","k__Bacteria","p__Bacteroidetes","c__Bacteroidia","o__Bacteroidales","f__Bacteroidaceae",NA,NA,"f__Bacteroidaceae"
"Family","k__Bacteria","p__Proteobacteria","c__Gammaproteobacteria","o__Thiotrichales","f__Thiotrichaceae",NA,NA,"f__Thiotrichaceae"
"Family","k__Bacteria","p__Proteobacteria","c__Deltaproteobacteria","o__Desulfovibrionales","f__Desulfovibrionaceae",NA,NA,"f__Desulfovibrionaceae"
"Family","k__Bacteria","p__Proteobacteria","c__Alphaproteobacteria","o__Rhodobacterales","f__Rhodobacteraceae",NA,NA,"f__Rhodobacteraceae"
"Family","k__Bacteria","p__Proteobacteria","c__Alphaproteobacteria","o__Sphingomonadales","f__Erythrobacteraceae",NA,NA,"f__Erythrobacteraceae"
"Family","k__Bacteria","p__Proteobacteria","c__Alphaproteobacteria","o__Sphingomonadales","f__Sphingomonadaceae",NA,NA,"f__Sphingomonadaceae"
"Family","k__Bacteria","p__Proteobacteria","c__Deltaproteobacteria","o__Bdellovibrionales","f__Bdellovibrionaceae",NA,NA,"f__Bdellovibrionaceae"
"Family","k__Bacteria","p__Proteobacteria","c__Alphaproteobacteria","o__Rhodospirillales","f__Rhodospirillaceae",NA,NA,"f__Rhodospirillaceae"
"Family","k__Bacteria","p__Proteobacteria","c__Alphaproteobacteria","o__Rhizobiales","f__Bradyrhizobiaceae",NA,NA,"f__Bradyrhizobiaceae"
"Family","k__Bacteria","p__Proteobacteria","c__Alphaproteobacteria","o__Caulobacterales","f__Caulobacteraceae",NA,NA,"f__Caulobacteraceae"
"Family","k__Bacteria","p__Proteobacteria","c__Alphaproteobacteria","o__Rhizobiales","f__Brucellaceae",NA,NA,"f__Brucellaceae"
"Family","k__Bacteria","p__Proteobacteria","c__Alphaproteobacteria","o__Rhizobiales","f__Hyphomicrobiaceae",NA,NA,"f__Hyphomicrobiaceae"
"Family","k__Bacteria","p__Proteobacteria","c__Alphaproteobacteria","o__Rhizobiales","f__Phyllobacteriaceae",NA,NA,"f__Phyllobacteriaceae"
"Family","k__Bacteria","p__Proteobacteria","c__Alphaproteobacteria","o__Rhizobiales","f__Rhizobiaceae",NA,NA,"f__Rhizobiaceae"
"Family","k__Bacteria","p__Proteobacteria","c__Gammaproteobacteria","o__Xanthomonadales","f__Xanthomonadaceae",NA,NA,"f__Xanthomonadaceae"
"Family","k__Bacteria","p__Proteobacteria","c__Betaproteobacteria","o__Rhodocyclales","f__Rhodocyclaceae",NA,NA,"f__Rhodocyclaceae"
"Family","k__Bacteria","p__Proteobacteria","c__Gammaproteobacteria","o__Xanthomonadales","f__Sinobacteraceae",NA,NA,"f__Sinobacteraceae"
"Family","k__Bacteria","p__Proteobacteria","c__Gammaproteobacteria","o__Pseudomonadales","f__Pseudomonadaceae",NA,NA,"f__Pseudomonadaceae"
"Family","k__Bacteria","p__Proteobacteria","c__Betaproteobacteria","o__Neisseriales","f__Neisseriaceae",NA,NA,"f__Neisseriaceae"
"Family","k__Bacteria","p__Proteobacteria","c__Betaproteobacteria","o__Burkholderiales","f__Alcaligenaceae",NA,NA,"f__Alcaligenaceae"
"Family","k__Bacteria","p__Proteobacteria","c__Betaproteobacteria","o__Burkholderiales","f__Oxalobacteraceae",NA,NA,"f__Oxalobacteraceae"
"Family","k__Bacteria","p__Proteobacteria","c__Betaproteobacteria","o__Burkholderiales","f__Comamonadaceae",NA,NA,"f__Comamonadaceae"
"Family","k__Bacteria","p__Proteobacteria","c__Betaproteobacteria","o__Burkholderiales","f__Burkholderiaceae",NA,NA,"f__Burkholderiaceae"
"Family","k__Bacteria","p__Proteobacteria","c__Gammaproteobacteria","o__Aeromonadales","f__Succinivibrionaceae",NA,NA,"f__Succinivibrionaceae"
"Family","k__Bacteria","p__Proteobacteria","c__Gammaproteobacteria","o__Enterobacteriales","f__Enterobacteriaceae",NA,NA,"f__Enterobacteriaceae"
"Family","k__Bacteria","p__Proteobacteria","c__Gammaproteobacteria","o__Alteromonadales","f__[Chromatiaceae]",NA,NA,"f__[Chromatiaceae]"
"Family","k__Bacteria","p__Proteobacteria","c__Gammaproteobacteria","o__Pasteurellales","f__Pasteurellaceae",NA,NA,"f__Pasteurellaceae"
"Family","k__Bacteria","p__Proteobacteria","c__Gammaproteobacteria","o__Aeromonadales","f__Aeromonadaceae",NA,NA,"f__Aeromonadaceae"
"Family","k__Bacteria","p__Proteobacteria","c__Gammaproteobacteria","o__Pseudomonadales","f__Moraxellaceae",NA,NA,"f__Moraxellaceae"
"Family","k__Bacteria","p__Verrucomicrobia","c__Verruco-5","o__WCHB1-41","f__RFP12",NA,NA,"f__RFP12"
"Family","k__Bacteria","p__Verrucomicrobia","c__Opitutae","o__[Cerasicoccales]","f__[Cerasicoccaceae]",NA,NA,"f__[Cerasicoccaceae]"
"Family","k__Bacteria","p__Proteobacteria","c__Deltaproteobacteria","o__Bdellovibrionales","f__Bacteriovoracaceae",NA,NA,"f__Bacteriovoracaceae"
"Family","k__Bacteria","p__Synergistetes","c__Synergistia","o__Synergistales","f__Synergistaceae",NA,NA,"f__Synergistaceae"
"Family","k__Bacteria","p__Lentisphaerae","c__[Lentisphaeria]","o__Victivallales","f__Victivallaceae",NA,NA,"f__Victivallaceae"
"Family","k__Bacteria","p__Spirochaetes","c__Spirochaetes","o__Spirochaetales","f__Spirochaetaceae",NA,NA,"f__Spirochaetaceae"
"Family","k__Archaea","p__Euryarchaeota","c__Thermoplasmata","o__E2","f__[Methanomassiliicoccaceae]",NA,NA,"f__[Methanomassiliicoccaceae]"
"Family","k__Archaea","p__Euryarchaeota","c__Methanobacteria","o__Methanobacteriales","f__Methanobacteriaceae",NA,NA,"f__Methanobacteriaceae"
"Family","k__Bacteria","p__Tenericutes","c__Mollicutes","o__Mycoplasmatales","f__Mycoplasmataceae",NA,NA,"f__Mycoplasmataceae"
"Family","k__Bacteria","p__Firmicutes","c__Clostridia","o__Clostridiales","f__Peptostreptococcaceae",NA,NA,"f__Peptostreptococcaceae"
"Family","k__Bacteria","p__Firmicutes","c__Clostridia","o__Clostridiales","f__[Mogibacteriaceae]",NA,NA,"f__[Mogibacteriaceae]"
"Family","k__Bacteria","p__Firmicutes","c__Bacilli","o__Lactobacillales","f__Streptococcaceae",NA,NA,"f__Streptococcaceae"
"Family","k__Bacteria","p__Firmicutes","c__Erysipelotrichi","o__Erysipelotrichales","f__Erysipelotrichaceae",NA,NA,"f__Erysipelotrichaceae"
"Family","k__Bacteria","p__Lentisphaerae","c__[Lentisphaeria]","o__Z20","f__R4-45B",NA,NA,"f__R4-45B"
"Family","k__Bacteria","p__Fusobacteria","c__Fusobacteriia","o__Fusobacteriales","f__Fusobacteriaceae",NA,NA,"f__Fusobacteriaceae"
"Family","k__Bacteria","p__Fusobacteria","c__Fusobacteriia","o__Fusobacteriales","f__Leptotrichiaceae",NA,NA,"f__Leptotrichiaceae"
"Family","k__Bacteria","p__Tenericutes","c__Mollicutes","o__Anaeroplasmatales","f__Anaeroplasmataceae",NA,NA,"f__Anaeroplasmataceae"
"Family","k__Bacteria","p__Actinobacteria","c__Coriobacteriia","o__Coriobacteriales","f__Coriobacteriaceae",NA,NA,"f__Coriobacteriaceae"
"Family","k__Bacteria","p__Firmicutes","c__Clostridia","o__Clostridiales","f__Veillonellaceae",NA,NA,"f__Veillonellaceae"
"Family","k__Bacteria","p__Firmicutes","c__Bacilli","o__Bacillales","f__Paenibacillaceae",NA,NA,"f__Paenibacillaceae"
"Family","k__Bacteria","p__Firmicutes","c__Bacilli","o__Lactobacillales","f__Lactobacillaceae",NA,NA,"f__Lactobacillaceae"
"Family","k__Bacteria","p__Firmicutes","c__Bacilli","o__Lactobacillales","f__Leuconostocaceae",NA,NA,"f__Leuconostocaceae"
"Family","k__Bacteria","p__Firmicutes","c__Bacilli","o__Turicibacterales","f__Turicibacteraceae",NA,NA,"f__Turicibacteraceae"
"Family","k__Bacteria","p__Firmicutes","c__Bacilli","o__Gemellales","f__Gemellaceae",NA,NA,"f__Gemellaceae"
"Family","k__Bacteria","p__Firmicutes","c__Bacilli","o__Bacillales","f__Staphylococcaceae",NA,NA,"f__Staphylococcaceae"
"Family","k__Bacteria","p__Firmicutes","c__Bacilli","o__Lactobacillales","f__Carnobacteriaceae",NA,NA,"f__Carnobacteriaceae"
"Family","k__Bacteria","p__Firmicutes","c__Bacilli","o__Lactobacillales","f__Enterococcaceae",NA,NA,"f__Enterococcaceae"
"Family","k__Bacteria","p__Firmicutes","c__Bacilli","o__Bacillales","f__Planococcaceae",NA,NA,"f__Planococcaceae"
"Family","k__Bacteria","p__Firmicutes","c__Bacilli","o__Bacillales","f__Bacillaceae",NA,NA,"f__Bacillaceae"
"Family","k__Bacteria","p__Firmicutes","c__Bacilli","o__Lactobacillales","f__Aerococcaceae",NA,NA,"f__Aerococcaceae"
"Family","k__Bacteria","p__Firmicutes","c__Bacilli","o__Bacillales","f__Alicyclobacillaceae",NA,NA,"f__Alicyclobacillaceae"
"Family","k__Bacteria","p__Proteobacteria","c__Alphaproteobacteria","o__Rickettsiales","f__mitochondria",NA,NA,"f__mitochondria"
"Family","k__Bacteria","p__Actinobacteria","c__Actinobacteria","o__Actinomycetales","f__Streptomycetaceae",NA,NA,"f__Streptomycetaceae"
"Family","k__Bacteria","p__Actinobacteria","c__Actinobacteria","o__Actinomycetales","f__Nocardiaceae",NA,NA,"f__Nocardiaceae"
"Family","k__Bacteria","p__Actinobacteria","c__Actinobacteria","o__Actinomycetales","f__Corynebacteriaceae",NA,NA,"f__Corynebacteriaceae"
"Family","k__Bacteria","p__Actinobacteria","c__Actinobacteria","o__Actinomycetales","f__Brevibacteriaceae",NA,NA,"f__Brevibacteriaceae"
"Family","k__Bacteria","p__Actinobacteria","c__Actinobacteria","o__Actinomycetales","f__Dermabacteraceae",NA,NA,"f__Dermabacteraceae"
"Family","k__Bacteria","p__Actinobacteria","c__Actinobacteria","o__Actinomycetales","f__Promicromonosporaceae",NA,NA,"f__Promicromonosporaceae"
"Family","k__Bacteria","p__Actinobacteria","c__Actinobacteria","o__Actinomycetales","f__Microbacteriaceae",NA,NA,"f__Microbacteriaceae"
"Family","k__Bacteria","p__Actinobacteria","c__Actinobacteria","o__Bifidobacteriales","f__Bifidobacteriaceae",NA,NA,"f__Bifidobacteriaceae"
"Family","k__Bacteria","p__Actinobacteria","c__Actinobacteria","o__Actinomycetales","f__Actinomycetaceae",NA,NA,"f__Actinomycetaceae"
"Family","k__Bacteria","p__Actinobacteria","c__Actinobacteria","o__Actinomycetales","f__Micrococcaceae",NA,NA,"f__Micrococcaceae"
"Family","k__Bacteria","p__Actinobacteria","c__Actinobacteria","o__Actinomycetales","f__Dermacoccaceae",NA,NA,"f__Dermacoccaceae"
"Family","k__Bacteria","p__Firmicutes","c__Clostridia","o__Clostridiales","f__[Tissierellaceae]",NA,NA,"f__[Tissierellaceae]"
"Family","k__Bacteria","p__Firmicutes","c__Clostridia","o__Clostridiales","f__Dehalobacteriaceae",NA,NA,"f__Dehalobacteriaceae"
"Family","k__Bacteria","p__Synergistetes","c__Synergistia","o__Synergistales","f__Dethiosulfovibrionaceae",NA,NA,"f__Dethiosulfovibrionaceae"
"Family","k__Bacteria","p__Proteobacteria","c__Epsilonproteobacteria","o__Campylobacterales","f__Campylobacteraceae",NA,NA,"f__Campylobacteraceae"
"Family","k__Bacteria","p__Firmicutes","c__Clostridia","o__Clostridiales","f__Peptococcaceae",NA,NA,"f__Peptococcaceae"
"Family","k__Bacteria","p__Firmicutes","c__Clostridia","o__Clostridiales","f__Eubacteriaceae",NA,NA,"f__Eubacteriaceae"
"Family","k__Bacteria","p__Firmicutes","c__Clostridia","o__Clostridiales","f__EtOH8",NA,NA,"f__EtOH8"
"Family","k__Bacteria","p__Firmicutes","c__Clostridia","o__Clostridiales","f__Christensenellaceae",NA,NA,"f__Christensenellaceae"
"Family","k__Bacteria","p__Firmicutes","c__Clostridia","o__Clostridiales","f__Clostridiaceae",NA,NA,"f__Clostridiaceae"
"Family","k__Bacteria","p__Firmicutes","c__Clostridia","o__Clostridiales","f__Ruminococcaceae",NA,NA,"f__Ruminococcaceae"
"Family","k__Bacteria","p__Firmicutes","c__Clostridia","o__Clostridiales","f__Caldicoprobacteraceae",NA,NA,"f__Caldicoprobacteraceae"
"Family","k__Bacteria","p__Firmicutes","c__Clostridia","o__Clostridiales","f__Lachnospiraceae",NA,NA,"f__Lachnospiraceae"
"Phylum","k__Bacteria","p__Verrucomicrobia",NA,NA,NA,NA,NA,"p__Verrucomicrobia"
"Phylum","k__Bacteria","p__Bacteroidetes",NA,NA,NA,NA,NA,"p__Bacteroidetes"
"Phylum","k__Bacteria","p__Proteobacteria",NA,NA,NA,NA,NA,"p__Proteobacteria"
"Phylum","k__Bacteria","p__Synergistetes",NA,NA,NA,NA,NA,"p__Synergistetes"
"Phylum","k__Bacteria","p__Lentisphaerae",NA,NA,NA,NA,NA,"p__Lentisphaerae"
"Phylum","k__Bacteria","p__Spirochaetes",NA,NA,NA,NA,NA,"p__Spirochaetes"
"Phylum","k__Archaea","p__Euryarchaeota",NA,NA,NA,NA,NA,"p__Euryarchaeota"
"Phylum","k__Bacteria","p__Cyanobacteria",NA,NA,NA,NA,NA,"p__Cyanobacteria"
"Phylum","k__Bacteria","p__SR1",NA,NA,NA,NA,NA,"p__SR1"
"Phylum","k__Bacteria","p__Fusobacteria",NA,NA,NA,NA,NA,"p__Fusobacteria"
"Phylum","k__Bacteria","p__Tenericutes",NA,NA,NA,NA,NA,"p__Tenericutes"
"Phylum","k__Bacteria","p__Actinobacteria",NA,NA,NA,NA,NA,"p__Actinobacteria"
"Phylum","k__Bacteria","p__TM7",NA,NA,NA,NA,NA,"p__TM7"
"Phylum","k__Bacteria","p__Firmicutes",NA,NA,NA,NA,NA,"p__Firmicutes"
